report_date,yesterday_purchase,yesterday_redeem,week1,week2,week3,week4,day_of_week,day_of_month,isweekend,mfd_daily_yield,mfd_7daily_yield,Interest_3_M,shouldwork,dayofmonth_percent,week1,week2,week3,term_percent
20130701,,,,,,,1,1,0,1.5787,6.307,5.295,,,,,,
20130702,22533121,1238748,,,,,2,2,0,1.5461,6.174,5.211,,,,,,
20130703,29624840,3215499,,,,,3,3,0,1.467,6.034,5.148,,,,,,
20130704,22525940,4385918,,,,,4,4,0,1.4223,5.903,5.029,,,,,,
20130705,32111643,12845583,,,,,5,5,0,1.3845,5.739,4.939,,,,,,
20130706,16129924,2551703,,,,,6,6,1,1.3674,5.582,4.794,,,,,,
20130707,16179865,2289341,,,,,7,7,1,1.3671,5.425,4.723,,,,,,
20130708,15516443,4363341,22533121,,,,1,8,0,1.3129,5.279,4.704,,,1238748,,,
20130709,98730828,15888356,29624840,,,,2,9,0,1.3096,5.15,4.6955,,,3215499,,,
20130710,18623071,11374271,22525940,,,,3,10,0,1.2792,5.047,4.691,,,4385918,,,
20130711,42210154,18319144,32111643,,,,4,11,0,1.2616,4.959,4.6785,,,12845583,,,
20130712,29843023,2158990,16129924,,,,5,12,0,1.2487,4.884,4.6703,,,2551703,,,
20130713,23202473,4829301,16179865,,,,6,13,1,1.2396,4.815,4.662,,,2289341,,,
20130714,19218553,2218978,15516443,,,,7,14,1,1.2394,4.745,4.6578,,,4363341,,,
20130715,101209093,3375744,98730828,22533121,,,1,15,0,1.1985,4.682,4.6525,,,15888356,1238748,,
20130716,106271409,25375610,18623071,29624840,,,2,16,0,1.2214,4.634,4.6515,,,11374271,3215499,,
20130717,26323198,32164805,42210154,22525940,,,3,17,0,1.1829,4.582,4.6517,,,18319144,4385918,,
20130718,28834269,26631817,29843023,32111643,,,4,18,0,1.1896,4.543,4.661,,,2158990,12845583,,
20130719,27609385,8142301,23202473,16129924,,,5,19,0,1.2032,4.518,4.6601,,,4829301,2551703,,
20130720,126301368,3413665,19218553,16179865,,,6,20,1,1.1964,4.494,4.667,,,2218978,2289341,,
20130721,20662791,4557888,101209093,15516443,,,7,21,1,1.1962,4.471,4.671,,,3375744,4363341,,
20130722,81375803,7068179,106271409,98730828,22533121,,1,22,0,1.1547,4.447,4.667,,,25375610,15888356,1238748,
20130723,37844074,9073308,26323198,18623071,29624840,,2,23,0,1.1826,4.426,4.6645,,,32164805,11374271,3215499,
20130724,25115410,8675669,28834269,42210154,22525940,,3,24,0,1.1805,4.424,4.6635,,,26631817,18319144,4385918,
20130725,29405789,9348626,27609385,29843023,32111643,,4,25,0,1.1645,4.411,4.6595,,,8142301,2158990,12845583,
20130726,123922858,62652056,126301368,23202473,16129924,,5,26,0,1.1777,4.397,4.655,,,3413665,4829301,2551703,
20130727,25835746,11721842,20662791,19218553,16179865,,6,27,1,1.1728,4.384,4.6538,,,4557888,2218978,2289341,
20130728,31021548,5723416,81375803,101209093,15516443,,7,28,1,1.1726,4.371,4.6515,,,7068179,3375744,4363341,
20130729,26260152,32887218,37844074,106271409,98730828,22533121,1,29,0,1.1515,4.369,4.6504,,,9073308,25375610,15888356,
20130730,59130418,14375762,25115410,26323198,18623071,29624840,2,30,0,1.1958,4.377,4.6501,,,8675669,32164805,11374271,
20130731,35410500,16427906,29405789,28834269,42210154,22525940,3,31,0,1.2088,4.392,4.65,,,9348626,26631817,18319144,
20130801,122942064,13151366,123922858,27609385,29843023,32111643,4,1,0,1.2026,4.413,4.65,,,62652056,8142301,2158990,
20130802,61905830,6159040,25835746,126301368,23202473,16129924,5,2,0,1.222,4.437,4.65,,,11721842,3413665,4829301,
20130803,73104389,20410883,31021548,20662791,19218553,16179865,6,3,1,1.2154,4.46,4.6502,,,5723416,4557888,2218978,
20130804,31370682,24942267,26260152,81375803,101209093,15516443,7,4,1,1.2152,4.483,4.6503,,,32887218,7068179,3375744,
20130805,45251520,16648439,59130418,37844074,106271409,98730828,1,5,0,1.1875,4.503,4.6573,,,14375762,9073308,25375610,
20130806,51533056,123111835,35410500,25115410,26323198,18623071,2,6,0,1.204,4.507,4.6636,,,16427906,8675669,32164805,
20130807,27348705,23304219,122942064,29405789,28834269,42210154,3,7,0,1.2118,4.509,4.658,,,13151366,9348626,26631817,
20130808,24953363,13675014,61905830,123922858,27609385,29843023,4,8,0,1.2155,4.516,4.662,,,6159040,62652056,8142301,
20130809,44702970,10561475,73104389,25835746,126301368,23202473,5,9,0,1.2174,4.513,4.662,,,20410883,11721842,3413665,
20130810,46197838,15546146,31370682,31021548,20662791,19218553,6,10,1,1.2128,4.512,4.6619,,,24942267,5723416,4557888,
20130811,44403831,41942573,45251520,26260152,81375803,101209093,7,11,1,1.2126,4.511,4.6609,,,16648439,32887218,7068179,
20130812,42840984,5443051,51533056,59130418,37844074,106271409,1,12,0,1.1886,4.511,4.6586,,,123111835,14375762,9073308,
20130813,33901418,43533052,27348705,35410500,25115410,26323198,2,13,0,1.2143,4.517,4.658,,,23304219,16427906,8675669,
20130814,45856548,29325894,24953363,122942064,29405789,28834269,3,14,0,1.2201,4.521,4.6572,,,13675014,13151366,9348626,
20130815,39066415,23721318,44702970,61905830,123922858,27609385,4,15,0,1.2184,4.523,4.6561,,,10561475,6159040,62652056,
20130816,29238678,21981558,46197838,73104389,25835746,126301368,5,16,0,1.219,4.524,4.6558,,,15546146,20410883,11721842,
20130817,54635823,58314359,44403831,31370682,31021548,20662791,6,17,1,1.215,4.525,4.6566,,,41942573,24942267,5723416,
20130818,15688245,51457176,42840984,45251520,26260152,81375803,7,18,1,1.2148,4.526,4.6566,,,5443051,16648439,32887218,
20130819,45069353,35585574,33901418,51533056,59130418,37844074,1,19,0,1.1987,4.532,4.6573,,,43533052,123111835,14375762,
20130820,48319110,27409347,45856548,27348705,35410500,25115410,2,20,0,1.2288,4.54,4.6564,,,29325894,23304219,16427906,
20130821,51304276,27002747,39066415,24953363,122942064,29405789,3,21,0,1.2307,4.545,4.6549,,,23721318,13675014,13151366,
20130822,45762636,18370111,29238678,44702970,61905830,123922858,4,22,0,1.2187,4.546,4.6559,,,21981558,10561475,6159040,
20130823,26545809,18620771,54635823,46197838,73104389,25835746,5,23,0,1.2236,4.548,4.6563,,,58314359,15546146,20410883,
20130824,33855284,16009856,15688245,44403831,31370682,31021548,6,24,1,1.2204,4.551,4.6571,,,51457176,41942573,24942267,
20130825,54574111,14426635,45069353,42840984,45251520,26260152,7,25,1,1.2202,4.554,4.6569,,,35585574,5443051,16648439,
20130826,17586501,12426430,48319110,33901418,51533056,59130418,1,26,0,1.185,4.546,4.6579,,,27409347,43533052,123111835,
20130827,52044963,16794905,51304276,45856548,27348705,35410500,2,27,0,1.2131,4.538,4.6584,,,27002747,29325894,23304219,
20130828,49273164,23573930,45762636,39066415,24953363,122942064,3,28,0,1.213,4.528,4.6617,,,18370111,23721318,13675014,
20130829,57249467,68685109,26545809,29238678,44702970,61905830,4,29,0,1.3194,4.583,4.6717,,,18620771,21981558,10561475,
20130830,31008331,29996101,33855284,54635823,46197838,73104389,5,30,0,1.4113,4.686,4.6731,,,16009856,58314359,15546146,
20130831,29172174,17631447,54574111,15688245,44403831,31370682,6,31,1,1.2201,4.685,4.6715,,,14426635,51457176,41942573,
20130901,27720016,12893797,17586501,45069353,42840984,45251520,7,1,1,1.2199,4.685,4.6732,,,12426430,35585574,5443051,
20130902,60276302,18155299,52044963,48319110,33901418,51533056,1,2,0,1.4475,4.829,4.6722,,,16794905,27409347,43533052,
20130903,42168974,27437595,49273164,51304276,45856548,27348705,2,3,0,1.2339,4.84,4.6732,,,23573930,27002747,29325894,
20130904,58345539,20886668,57249467,45762636,39066415,24953363,3,4,0,1.2349,4.852,4.6704,,,68685109,18370111,23721318,
20130905,55301172,23688242,31008331,26545809,29238678,44702970,4,5,0,1.2374,4.807,4.6685,,,29996101,18620771,21981558,
20130906,42500904,17937329,29172174,33855284,54635823,46197838,5,6,0,1.5058,4.859,4.6682,,,17631447,16009856,58314359,
20130907,38650095,22744929,27720016,54574111,15688245,44403831,6,7,1,1.2415,4.87,4.6681,,,12893797,14426635,51457176,
20130908,49801798,17830433,60276302,17586501,45069353,42840984,7,8,1,1.2381,4.88,4.6679,,,18155299,12426430,35585574,
20130909,24810658,19393890,42168974,52044963,48319110,33901418,1,9,0,1.44,4.876,4.6673,,,27437595,16794905,27409347,
20130910,55565482,22529834,58345539,49273164,51304276,45856548,2,10,0,1.4214,4.979,4.6661,,,20886668,23573930,27002747,
20130911,81305151,61880908,55301172,57249467,45762636,39066415,3,11,0,1.2527,4.989,4.6655,,,23688242,68685109,18370111,
20130912,93077458,45646088,42500904,31008331,26545809,29238678,4,12,0,1.2598,5.001,4.6654,,,17937329,29996101,18620771,
20130913,50035862,16797004,38650095,29172174,33855284,54635823,5,13,0,1.3805,4.932,4.6681,,,22744929,17631447,16009856,
20130914,48041116,10624127,49801798,27720016,54574111,15688245,6,14,1,1.2613,4.943,4.6695,,,17830433,12893797,14426635,
20130915,34379286,22263774,24810658,60276302,17586501,45069353,7,15,1,1.2611,4.956,4.6775,,,19393890,18155299,12426430,
20130916,38956366,17385227,55565482,42168974,52044963,48319110,1,16,0,1.4143,4.942,4.6813,,,22529834,27437595,16794905,
20130917,104399397,14276435,81305151,58345539,49273164,51304276,2,17,0,1.2495,4.848,4.6843,,,61880908,20886668,23573930,
20130918,75209349,21022169,93077458,55301172,57249467,45762636,3,18,0,1.3366,4.894,4.6876,,,45646088,23688242,68685109,
20130919,41969227,17777697,50035862,42500904,31008331,26545809,4,19,0,1.2594,4.893,4.691,,,16797004,17937329,29996101,
20130920,40861546,11095259,48041116,38650095,29172174,33855284,5,20,0,1.2592,4.827,4.6975,,,10624127,22744929,17631447,
20130921,33601331,15710134,34379286,49801798,27720016,54574111,6,21,1,1.2569,4.825,4.6966,,,22263774,17830433,12893797,
20130922,61641978,23219290,38956366,24810658,60276302,17586501,7,22,1,1.2567,4.822,4.6965,,,17385227,19393890,18155299,
20130923,59188234,75805107,104399397,55565482,42168974,52044963,1,23,0,1.2346,4.724,4.6948,,,14276435,22529834,27437595,
20130924,37338427,26564396,75209349,81305151,58345539,49273164,2,24,0,1.3281,4.767,4.6925,,,21022169,61880908,20886668,
20130925,56008378,26722196,41969227,93077458,55301172,57249467,3,25,0,1.3895,4.796,4.6921,,,17777697,45646088,23688242,
20130926,107206248,54563516,40861546,50035862,42500904,31008331,4,26,0,1.4449,4.897,4.693,,,11095259,16797004,17937329,
20130927,49684160,32334604,33601331,48041116,38650095,29172174,5,27,0,1.3799,4.963,4.6926,,,15710134,10624127,22744929,
20130928,51076556,21422361,61641978,34379286,49801798,27720016,6,28,1,1.3138,4.994,4.6933,,,23219290,22263774,17830433,
20130929,46758852,37660670,59188234,38956366,24810658,60276302,7,29,1,1.3136,5.026,4.6944,,,75805107,17385227,19393890,
20130930,76038490,77461238,37338427,104399397,55565482,42168974,1,30,0,1.3162,5.07,4.6962,,,26564396,14276435,22529834,
20131001,49151321,34100714,56008378,75209349,81305151,58345539,2,1,0,1.3181,5.065,4.6978,,,26722196,21022169,61880908,
20131002,22858568,8869210,107206248,41969227,93077458,55301172,3,2,0,1.3179,5.026,4.699,,,54563516,17777697,45646088,
20131003,15700008,10393202,49684160,40861546,50035862,42500904,4,3,0,1.3177,4.956,4.6997,,,32334604,11095259,16797004,
20131004,7251212,14700007,51076556,33601331,48041116,38650095,5,4,0,1.3175,4.922,4.706,,,21422361,15710134,10624127,
20131005,22868589,12046540,46758852,61641978,34379286,49801798,6,5,1,1.3173,4.924,4.7095,,,37660670,23219290,22263774,
20131006,21245166,13019900,76038490,59188234,38956366,24810658,7,6,1,1.3111,4.922,4.71,,,77461238,75805107,17385227,
20131007,40318288,14733990,49151321,37338427,104399397,55565482,1,7,0,1.3109,4.919,4.7092,,,34100714,26564396,14276435,
20131008,56730939,82606688,22858568,56008378,75209349,81305151,2,8,0,1.4756,5.006,4.711,,,8869210,26722196,21022169,
20131009,115047417,60758100,15700008,107206248,41969227,93077458,3,9,0,1.2935,4.992,4.7118,,,10393202,54563516,17777697,
20131010,67339813,26611167,7251212,49684160,40861546,50035862,4,10,0,1.3088,4.987,4.7132,,,14700007,32334604,11095259,
20131011,93642539,36132959,22868589,51076556,33601331,48041116,5,11,0,1.3122,4.985,4.7156,,,12046540,21422361,15710134,
20131012,68845671,31646212,21245166,46758852,61641978,34379286,6,12,1,1.3082,4.98,4.7211,,,13019900,37660670,23219290,
20131013,95312628,36724035,40318288,76038490,59188234,38956366,7,13,1,1.308,4.978,4.7181,,,14733990,77461238,75805107,
20131014,40381173,46888025,56730939,49151321,37338427,104399397,1,14,0,1.2777,4.96,4.7229,,,82606688,34100714,26564396,
20131015,158158044,41243215,115047417,22858568,56008378,75209349,2,15,0,1.3456,4.889,4.7197,,,60758100,8869210,26722196,
20131016,108776071,58286788,67339813,15700008,107206248,41969227,3,16,0,1.313,4.899,4.7365,,,26611167,10393202,54563516,
20131017,156977224,40682099,93642539,7251212,49684160,40861546,4,17,0,1.2908,4.889,4.7778,,,36132959,14700007,32334604,
20131018,73354575,45517673,68845671,22868589,51076556,33601331,5,18,0,1.2917,4.878,4.885,,,31646212,12046540,21422361,
20131019,80573607,29644051,95312628,21245166,46758852,61641978,6,19,1,1.2859,4.866,5.167,,,36724035,13019900,37660670,
20131020,47140830,12115532,40381173,40318288,76038490,59188234,7,20,1,1.2857,4.854,5.2581,,,46888025,14733990,77461238,
20131021,78146352,27240757,158158044,56730939,49151321,37338427,1,21,0,1.34,4.888,5.338,,,41243215,82606688,34100714,
20131022,92303765,86625521,108776071,115047417,22858568,56008378,2,22,0,1.2698,4.846,5.332,,,58286788,60758100,8869210,
20131023,79936840,29426313,156977224,67339813,15700008,107206248,3,23,0,1.273,4.825,5.3222,,,40682099,26611167,10393202,
20131024,91267273,36092748,73354575,93642539,7251212,49684160,4,24,0,1.2811,4.819,5.335,,,45517673,36132959,14700007,
20131025,78253878,69717843,80573607,68845671,22868589,51076556,5,25,0,1.2758,4.811,5.331,,,29644051,31646212,12046540,
20131026,72866681,62677596,47140830,95312628,21245166,46758852,6,26,1,1.2731,4.804,5.3537,,,12115532,36724035,13019900,
20131027,89152724,27504517,78146352,40381173,40318288,76038490,7,27,1,1.2729,4.797,5.385,,,27240757,46888025,14733990,
20131028,58360160,25646394,92303765,158158044,56730939,49151321,1,28,0,1.2428,4.743,5.4239,,,86625521,41243215,82606688,
20131029,175987478,67747746,79936840,108776071,115047417,22858568,2,29,0,1.289,4.754,5.458,,,29426313,58286788,60758100,
20131030,147891369,52687221,91267273,156977224,67339813,15700008,3,30,0,1.2902,4.763,5.516,,,36092748,40682099,26611167,
20131031,123495252,63435426,78253878,73354575,93642539,7251212,4,31,0,1.2965,4.772,5.5174,,,69717843,45517673,36132959,
20131101,105655220,93841828,72866681,80573607,68845671,22868589,5,1,0,1.2919,4.781,5.522,,,62677596,29644051,31646212,
20131102,90052647,46678116,89152724,47140830,95312628,21245166,6,2,1,1.2911,4.79,5.538,,,27504517,12115532,36724035,
20131103,60697754,21879168,58360160,78146352,40381173,40318288,7,3,1,1.291,4.8,5.5465,,,25646394,27240757,46888025,
20131104,109705314,33749172,175987478,92303765,158158044,56730939,1,4,0,1.2888,4.825,5.553,,,67747746,86625521,41243215,
20131105,134705147,108318485,147891369,79936840,108776071,115047417,2,5,0,1.2938,4.828,5.5565,,,52687221,29426313,58286788,
20131106,170112074,128585154,123495252,91267273,156977224,67339813,3,6,0,1.2917,4.829,5.5657,,,63435426,36092748,40682099,
20131107,177181307,131796343,105655220,78253878,73354575,93642539,4,7,0,1.2935,4.827,5.5661,,,93841828,69717843,45517673,
20131108,219191421,149424128,90052647,72866681,80573607,68845671,5,8,0,1.292,4.827,5.5732,,,46678116,62677596,29644051,
20131109,249304249,99248361,60697754,89152724,47140830,95312628,6,9,1,1.2891,4.826,5.576,,,21879168,27504517,12115532,
20131110,123652022,59247170,109705314,58360160,78146352,40381173,7,10,1,1.2889,4.825,5.5821,,,33749172,25646394,27240757,
20131111,158993537,123840519,134705147,175987478,92303765,158158044,1,11,0,1.4962,4.938,5.5837,,,108318485,67747746,86625521,
20131112,143416540,246064757,170112074,147891369,79936840,108776071,2,12,0,1.4577,5.028,5.5841,,,128585154,52687221,29426313,
20131113,173549641,74456493,177181307,123495252,91267273,156977224,3,13,0,1.4097,5.093,5.5849,,,131796343,63435426,36092748,
20131114,158376990,54302781,219191421,105655220,78253878,73354575,4,14,0,1.3294,5.112,5.5865,,,149424128,93841828,69717843,
20131115,148622821,42611824,249304249,90052647,72866681,80573607,5,15,0,1.4738,5.212,5.5846,,,99248361,46678116,62677596,
20131116,116112820,44380574,123652022,60697754,89152724,47140830,6,16,1,1.3102,5.224,5.5812,,,59247170,21879168,27504517,
20131117,85621804,38584607,158993537,109705314,58360160,78146352,7,17,1,1.31,5.235,5.5868,,,123840519,33749172,25646394,
20131118,98492364,35055232,143416540,134705147,175987478,92303765,1,18,0,1.321,5.139,5.5893,,,246064757,108318485,67747746,
20131119,145222355,65817333,173549641,170112074,147891369,79936840,2,19,0,1.3377,5.073,5.591,,,74456493,128585154,52687221,
20131120,165943591,60013853,158376990,177181307,123495252,91267273,3,20,0,1.3352,5.033,5.5924,,,54302781,131796343,63435426,
20131121,149019647,83122720,148622821,219191421,105655220,78253878,4,21,0,1.3442,5.041,5.5926,,,42611824,149424128,93841828,
20131122,236672974,75803920,116112820,249304249,90052647,72866681,5,22,0,1.3502,4.973,5.5946,,,44380574,99248361,46678116,
20131123,139140591,66623532,85621804,123652022,60697754,89152724,6,23,1,1.3469,4.993,5.5962,,,38584607,59247170,21879168,
20131124,85234876,88449004,98492364,158993537,109705314,58360160,7,24,1,1.3467,5.013,5.5989,,,35055232,123840519,33749172,
20131125,97522283,60355364,145222355,143416540,134705147,175987478,1,25,0,1.361,5.035,5.5998,,,65817333,246064757,108318485,
20131126,188023955,91230946,165943591,173549641,170112074,147891369,2,26,0,1.3774,5.057,5.6,,,60013853,74456493,128585154,
20131127,181397027,79919049,149019647,158376990,177181307,123495252,3,27,0,1.3755,5.079,5.6,,,83122720,54302781,131796343,
20131128,152083973,178457547,236672974,148622821,219191421,105655220,4,28,0,1.3862,5.102,5.6,,,75803920,42611824,149424128,
20131129,152510165,107063218,139140591,116112820,249304249,90052647,5,29,0,1.3879,5.123,5.605,,,66623532,44380574,99248361,
20131130,144836611,96242909,85234876,85621804,123652022,60697754,6,30,1,1.3878,5.145,5.6031,,,88449004,38584607,59247170,
20131201,94687796,76461088,97522283,98492364,158993537,109705314,7,1,1,1.3876,5.168,5.6005,,,60355364,35055232,123840519,
20131202,179080325,95291329,188023955,145222355,143416540,134705147,1,2,0,1.3882,5.182,5.6012,,,91230946,65817333,246064757,
20131203,207768089,107045755,181397027,165943591,173549641,170112074,2,3,0,1.399,5.194,5.6037,,,79919049,60013853,74456493,
20131204,176533224,105284341,152083973,149019647,158376990,177181307,3,4,0,1.3982,5.207,5.6005,,,178457547,83122720,54302781,
20131205,253181565,91187713,152510165,236672974,148622821,219191421,4,5,0,1.4025,5.216,5.6,,,107063218,75803920,42611824,
20131206,152989262,75925859,144836611,139140591,116112820,249304249,5,6,0,1.3848,5.214,5.6,,,96242909,66623532,44380574,
20131207,198597129,92725974,94687796,85234876,85621804,123652022,6,7,1,1.3815,5.211,5.6,,,76461088,88449004,38584607,
20131208,116093484,53512763,179080325,97522283,98492364,158993537,7,8,1,1.3809,5.207,5.596,,,95291329,60355364,35055232,
20131209,127532403,53648650,207768089,188023955,145222355,143416540,1,9,0,1.4227,5.226,5.5775,,,107045755,91230946,65817333,
20131210,214664521,152407205,176533224,181397027,165943591,173549641,2,10,0,1.4271,5.241,5.5665,,,105284341,79919049,60013853,
20131211,281121012,78077384,253181565,152083973,149019647,158376990,3,11,0,1.42,5.253,5.5585,,,91187713,178457547,83122720,
20131212,316266609,126368276,152989262,152510165,236672974,148622821,4,12,0,1.4663,5.288,5.5415,,,75925859,107063218,75803920,
20131213,172183635,117455386,198597129,144836611,139140591,116112820,5,13,0,1.4527,5.325,5.536,,,92725974,96242909,66623532,
20131214,146722615,83443683,116093484,94687796,85234876,85621804,6,14,1,1.4493,5.363,5.529,,,53512763,76461088,88449004,
20131215,134839018,73250223,127532403,179080325,97522283,98492364,7,15,1,1.4491,5.4,5.519,,,53648650,95291329,60355364,
20131216,119396143,59674345,214664521,207768089,188023955,145222355,1,16,0,1.4771,5.43,5.515,,,152407205,107045755,91230946,
20131217,188230089,86266515,281121012,176533224,181397027,165943591,2,17,0,1.4532,5.444,5.5105,,,78077384,105284341,79919049,
20131218,212780998,109073593,316266609,253181565,152083973,149019647,3,18,0,1.4542,5.463,5.5067,,,126368276,91187713,178457547,
20131219,190985922,91560802,172183635,152989262,152510165,236672974,4,19,0,1.5167,5.491,5.504,,,117455386,75925859,107063218,
20131220,144026114,112370684,146722615,198597129,144836611,139140591,5,20,0,1.513,5.524,5.502,,,83443683,92725974,96242909,
20131221,131176893,148188232,134839018,116093484,94687796,85234876,6,21,1,1.5109,5.558,5.5002,,,73250223,53512763,76461088,
20131222,91445173,59536553,119396143,127532403,179080325,97522283,7,22,1,1.5107,5.592,5.5,,,59674345,53648650,95291329,
20131223,140558599,56877147,188230089,214664521,207768089,188023955,1,23,0,1.6189,5.67,5.5,,,86266515,152407205,107045755,
20131224,190330016,179886396,212780998,281121012,176533224,181397027,2,24,0,1.611,5.757,5.5,,,109073593,78077384,105284341,
20131225,182690432,133342747,190985922,316266609,253181565,152083973,3,25,0,1.7012,5.893,5.5,,,91560802,126368276,91187713,
20131226,153343940,212312830,144026114,172183635,152989262,152510165,4,26,0,1.7674,6.032,5.5,,,112370684,117455386,75925859,
20131227,187935531,146764679,131176893,146722615,198597129,144836611,5,27,0,1.803,6.192,5.5,,,148188232,83443683,92725974,
20131228,173898861,252417542,91445173,134839018,116093484,94687796,6,28,1,1.7889,6.346,5.5,,,59536553,73250223,53512763,
20131229,199852196,101848650,140558599,119396143,127532403,179080325,7,29,1,1.7886,6.5,5.5,,,56877147,59674345,53648650,
20131230,173772752,74663175,190330016,188230089,214664521,207768089,1,30,0,1.7947,6.598,5.5,,,179886396,86266515,152407205,
20131231,286491118,103985798,182690432,212780998,281121012,176533224,2,31,0,1.7869,6.696,5.5,,,133342747,109073593,78077384,
20140101,326974771,113254499,153343940,190985922,316266609,253181565,3,1,0,1.7807,6.74,5.5,,,212312830,91560802,126368276,
20140102,335862570,77073258,187935531,144026114,172183635,152989262,4,2,0,1.8092,6.763,5.5,,,146764679,112370684,117455386,
20140103,301179400,124541441,173898861,131176893,146722615,198597129,5,3,0,1.7847,6.753,5.5,,,252417542,148188232,83443683,
20140104,291336871,115361983,199852196,91445173,134839018,116093484,6,4,1,1.7751,6.745,5.5,,,101848650,59536553,73250223,
20140105,155828144,71718874,173772752,140558599,119396143,127532403,7,5,1,1.7748,6.738,5.5,,,74663175,56877147,59674345,
20140106,321343539,106824899,286491118,190330016,188230089,214664521,1,6,0,1.774,6.726,5.5,,,103985798,179886396,86266515,
20140107,371683914,139233405,326974771,182690432,212780998,281121012,2,7,0,1.8086,6.738,5.5,,,113254499,133342747,109073593,
20140108,339901798,110203644,335862570,153343940,190985922,316266609,3,8,0,1.822,6.761,5.5,,,77073258,212312830,91560802,
20140109,271765172,115536959,301179400,187935531,144026114,172183635,4,9,0,1.7647,6.737,5.5,,,124541441,146764679,112370684,
20140110,345036273,121195295,291336871,173898861,131176893,146722615,5,10,0,1.7878,6.738,5.5,,,115361983,252417542,148188232,
20140111,296993855,119859597,155828144,199852196,91445173,134839018,6,11,1,1.7439,6.721,5.5,,,71718874,101848650,59536553,
20140112,178289447,116820618,321343539,173772752,140558599,119396143,7,12,1,1.7434,6.703,5.5,,,106824899,74663175,56877147,
20140113,192128885,80041533,371683914,286491118,190330016,188230089,1,13,0,1.7584,6.695,5.5,,,139233405,103985798,179886396,
20140114,292143045,164389088,339901798,326974771,182690432,212780998,2,14,0,1.7634,6.67,5.5,,,110203644,113254499,133342747,
20140115,337203610,194979118,271765172,335862570,153343940,190985922,3,15,0,1.7295,6.618,5.5,,,115536959,77073258,212312830,
20140116,233318844,114905112,345036273,301179400,187935531,144026114,4,16,0,1.723,6.595,5.5,,,121195295,124541441,146764679,
20140117,490563564,136931314,296993855,291336871,173898861,131176893,5,17,0,1.7139,6.554,5.5,,,119859597,115361983,252417542,
20140118,262046075,154263565,178289447,155828144,199852196,91445173,6,18,1,1.6772,6.517,5.5,,,116820618,71718874,101848650,
20140119,184240864,107190052,192128885,321343539,173772752,140558599,7,19,1,1.6767,6.48,5.5,,,80041533,106824899,74663175,
20140120,301523785,117846810,292143045,371683914,286491118,190330016,1,20,0,1.7235,6.46,5.5,,,164389088,139233405,103985798,
20140121,312028349,259973410,337203610,339901798,326974771,182690432,2,21,0,1.6958,6.423,5.5,,,194979118,110203644,113254499,
20140122,337095722,176724296,233318844,271765172,335862570,153343940,3,22,0,1.6853,6.398,5.49,,,114905112,115536959,77073258,
20140123,462593233,183458941,490563564,345036273,301179400,187935531,4,23,0,1.7491,6.413,5.4982,,,136931314,121195295,124541441,
20140124,294368520,332744686,262046075,296993855,291336871,173898861,5,24,0,1.7296,6.422,5.5,,,154263565,119859597,115361983,
20140125,450511317,188651670,184240864,178289447,155828144,199852196,6,25,1,1.6815,6.424,5.495,,,107190052,116820618,71718874,
20140126,349192126,131010888,301523785,192128885,321343539,173772752,7,26,1,1.695,6.434,5.482,,,117846810,80041533,106824899,
20140127,446945594,214348269,312028349,292143045,371683914,286491118,1,27,0,1.6915,6.416,5.4655,,,259973410,164389088,139233405,
20140128,715461017,260269121,337095722,337203610,339901798,326974771,2,28,0,1.7398,6.441,5.4474,,,176724296,194979118,110203644,
20140129,870587680,256692351,462593233,233318844,271765172,335862570,3,29,0,1.6693,6.432,5.4167,,,183458941,114905112,115536959,
20140130,1183825013,274603869,294368520,490563564,345036273,301179400,4,30,0,1.6193,6.36,5.3992,,,332744686,136931314,121195295,
20140131,242566772,99811984,450511317,262046075,296993855,291336871,5,31,0,1.609,6.293,5.3909,,,188651670,154263565,119859597,
20140201,90124260,29125625,349192126,184240864,178289447,155828144,6,1,1,1.6086,6.253,5.3764,,,131010888,107190052,116820618,
20140202,101183694,51483587,446945594,301523785,192128885,321343539,7,2,1,1.6083,6.205,5.3414,,,214348269,117846810,80041533,
20140203,86649833,35016210,715461017,312028349,292143045,371683914,1,3,0,1.608,6.158,5.3198,,,260269121,259973410,164389088,
20140204,85303404,92071628,870587680,337095722,337203610,339901798,2,4,0,1.6078,6.085,5.2665,,,256692351,176724296,194979118,
20140205,92866528,61618152,1183825013,462593233,233318844,271765172,3,5,0,1.6072,6.051,5.2418,,,274603869,183458941,114905112,
20140206,162119647,70100225,242566772,294368520,490563564,345036273,4,6,0,1.6069,6.044,5.2142,,,99811984,332744686,136931314,
20140207,225661839,89786438,90124260,450511317,262046075,296993855,5,7,0,1.7017,6.096,5.1772,,,29125625,188651670,154263565,
20140208,621409043,356235057,101183694,349192126,184240864,178289447,6,8,1,1.6795,6.135,5.1215,,,51483587,131010888,107190052,
20140209,315242286,134579390,86649833,446945594,301523785,192128885,7,9,1,1.6792,6.174,5.0935,,,35016210,214348269,117846810,
20140210,336607101,143211947,85303404,715461017,312028349,292143045,1,10,0,1.7004,6.225,5.0675,,,92071628,260269121,259973410,
20140211,632298767,418611061,92866528,870587680,337095722,337203610,2,11,0,1.677,6.263,5.0413,,,61618152,256692351,176724296,
20140212,670470102,315239225,162119647,1183825013,462593233,233318844,3,12,0,1.6702,6.298,5.0197,,,70100225,274603869,183458941,
20140213,551106906,425221290,225661839,242566772,294368520,490563564,4,13,0,1.6705,6.334,4.9768,,,89786438,99811984,332744686,
20140214,461212821,301079648,621409043,90124260,450511317,262046075,5,14,0,1.661,6.311,4.9418,,,356235057,29125625,188651670,
20140215,522331058,233371566,315242286,101183694,349192126,184240864,6,15,1,1.6566,6.298,4.925,,,134579390,51483587,131010888,
20140216,305214647,110240413,336607101,86649833,446945594,301523785,7,16,1,1.6563,6.286,4.883,,,143211947,35016210,214348269,
20140217,361250311,139432186,632298767,85303404,715461017,312028349,1,17,0,1.6526,6.259,4.855,,,418611061,92071628,260269121,
20140218,675485671,314699059,670470102,92866528,870587680,337095722,2,18,0,1.6433,6.241,4.8393,,,315239225,61618152,256692351,
20140219,422741202,246229299,551106906,162119647,1183825013,462593233,3,19,0,1.6337,6.22,4.8259,,,425221290,70100225,274603869,
20140220,642931201,247608257,461212821,225661839,242566772,294368520,4,20,0,1.6358,6.201,4.8181,,,301079648,89786438,99811984,
20140221,527167832,276717727,522331058,621409043,90124260,450511317,5,21,0,1.6282,6.183,4.8095,,,233371566,356235057,29125625,
20140222,394746918,206572952,305214647,315242286,101183694,349192126,6,22,1,1.6247,6.165,4.7941,,,110240413,134579390,51483587,
20140223,235659822,129881807,361250311,336607101,86649833,446945594,7,23,1,1.6238,6.147,4.7862,,,139432186,143211947,35016210,
20140224,308396249,237023147,675485671,632298767,85303404,715461017,1,24,0,1.6323,6.136,4.7794,,,314699059,418611061,92071628,
20140225,595170010,326481227,422741202,670470102,92866528,870587680,2,25,0,1.6039,6.114,4.7777,,,246229299,315239225,61618152,
20140226,713994252,349836501,642931201,551106906,162119647,1183825013,3,26,0,1.596,6.093,4.7825,,,247608257,425221290,70100225,
20140227,486006154,476270827,527167832,461212821,225661839,242566772,4,27,0,1.5792,6.062,4.7767,,,276717727,301079648,89786438,
20140228,537812517,660825256,394746918,522331058,621409043,90124260,5,28,0,1.572,6.031,4.7692,,,206572952,233371566,356235057,
20140301,420504763,282310184,235659822,305214647,315242286,101183694,6,1,1,1.5698,6.001,4.7751,,,129881807,110240413,134579390,
20140302,215356482,148429245,308396249,361250311,336607101,86649833,7,2,1,1.5695,5.971,4.7761,,,237023147,139432186,143211947,
20140303,275779265,163786963,595170010,675485671,632298767,85303404,1,3,0,1.5559,5.928,4.7679,,,326481227,314699059,418611061,
20140304,523895828,360144530,713994252,422741202,670470102,92866528,2,4,0,1.5429,5.895,4.7582,,,349836501,246229299,315239225,
20140305,521644375,278261421,486006154,642931201,551106906,162119647,3,5,0,1.5411,5.864,4.7478,,,476270827,247608257,425221290,
20140306,497668868,275381156,537812517,527167832,461212821,225661839,4,6,0,1.5259,5.835,4.7482,,,660825256,276717727,301079648,
20140307,495755683,366030834,420504763,394746918,522331058,621409043,5,7,0,1.517,5.805,4.7499,,,282310184,206572952,233371566,
20140308,492623841,274009352,215356482,235659822,305214647,315242286,6,8,1,1.5148,5.774,4.7499,,,148429245,129881807,110240413,
20140309,215355021,157996615,275779265,308396249,361250311,336607101,7,9,1,1.5145,5.744,4.75,,,163786963,237023147,139432186,
20140310,296559440,169872578,523895828,595170010,675485671,632298767,1,10,0,1.5048,5.716,4.75,,,360144530,326481227,314699059,
20140311,533357693,296534165,521644375,713994252,422741202,670470102,2,11,0,1.4965,5.69,4.75,,,278261421,349836501,246229299,
20140312,488913889,267437055,497668868,486006154,642931201,551106906,3,12,0,1.4997,5.668,4.7495,,,275381156,476270827,247608257,
20140313,317050657,298538230,495755683,537812517,527167832,461212821,4,13,0,1.4878,5.647,4.75,,,366030834,660825256,276717727,
20140314,438410772,255918695,492623841,420504763,394746918,522331058,5,14,0,1.4831,5.628,4.749,,,274009352,282310184,206572952,
20140315,319556555,270497983,215355021,215356482,235659822,305214647,6,15,1,1.4818,5.61,4.7438,,,157996615,148429245,129881807,
20140316,201137958,242196362,296559440,275779265,308396249,361250311,7,16,1,1.4816,5.592,4.7423,,,169872578,163786963,237023147,
20140317,219592025,188184766,533357693,523895828,595170010,675485671,1,17,0,1.4628,5.568,4.7461,,,296534165,360144530,326481227,
20140318,411958428,420064650,488913889,521644375,713994252,422741202,2,18,0,1.4726,5.555,4.7485,,,267437055,278261421,349836501,
20140319,302616910,341931886,317050657,497668868,486006154,642931201,3,19,0,1.4786,5.544,4.7487,,,298538230,275381156,476270827,
20140320,295342178,414884867,438410772,495755683,537812517,527167832,4,20,0,1.4772,5.538,4.7448,,,255918695,366030834,660825256,
20140321,302584612,304013906,319556555,492623841,420504763,394746918,5,21,0,1.4787,5.535,4.7467,,,270497983,274009352,282310184,
20140322,274386390,280963645,201137958,215355021,215356482,235659822,6,22,1,1.4638,5.526,4.7467,,,242196362,157996615,148429245,
20140323,145506447,200897470,219592025,296559440,275779265,308396249,7,23,1,1.4636,5.516,4.7465,,,188184766,169872578,163786963,
20140324,167604758,160853972,411958428,533357693,523895828,595170010,1,24,0,1.4542,5.511,4.7525,,,420064650,296534165,360144530,
20140325,330726069,318658552,302616910,488913889,521644375,713994252,2,25,0,1.446,5.496,4.7465,,,341931886,267437055,278261421,
20140326,337425152,362444778,295342178,317050657,497668868,486006154,3,26,0,1.4345,5.472,4.7465,,,414884867,298538230,275381156,
20140327,426653122,257938486,302584612,438410772,495755683,537812517,4,27,0,1.4273,5.445,4.7465,,,304013906,255918695,366030834,
20140328,266160879,326543305,274386390,319556555,492623841,420504763,5,28,0,1.4255,5.415,4.739,,,280963645,270497983,274009352,
20140329,223771699,372161003,145506447,201137958,215355021,215356482,6,29,1,1.4259,5.395,4.7316,,,200897470,242196362,157996615,
20140330,194925803,138171183,167604758,219592025,296559440,275779265,7,30,1,1.4257,5.374,4.7215,,,160853972,188184766,169872578,
20140331,161565264,256893459,330726069,411958428,533357693,523895828,1,31,0,1.431,5.361,4.7149,,,318658552,420064650,296534165,
20140401,377931423,497687416,337425152,302616910,488913889,521644375,2,1,0,1.4368,5.356,4.7081,1,0.0333333333,362444778,341931886,267437055,0.4
20140402,424784984,280407782,426653122,295342178,317050657,497668868,3,2,0,1.437,5.357,4.7049,1,0.0666666667,257938486,414884867,298538230,0.6
20140403,418550858,234601543,266160879,302584612,438410772,495755683,4,3,0,1.4364,5.362,4.6982,1,0.1,326543305,304013906,255918695,0.8
20140404,301858010,259172151,223771699,274386390,319556555,492623841,5,4,0,1.4338,5.367,4.6941,1,0.1333333333,372161003,280963645,270497983,1
20140405,235574221,171218775,194925803,145506447,201137958,215355021,6,5,1,1.4318,5.37,4.6921,0,0.1666666667,138171183,200897470,242196362,0.3333333333
20140406,171320519,130175071,161565264,167604758,219592025,296559440,7,6,1,1.4314,5.373,4.6916,0,0.2,256893459,160853972,188184766,0.6666666667
20140407,132973045,86148848,377931423,330726069,411958428,533357693,1,7,0,1.4312,5.373,4.6905,0,0.2333333333,497687416,318658552,420064650,1
20140408,237413785,151211943,424784984,337425152,302616910,488913889,2,8,0,1.4263,5.368,4.6882,1,0.2666666667,280407782,362444778,341931886,0.25
20140409,360613734,241500693,418550858,426653122,295342178,317050657,3,9,0,1.4239,5.36,4.6834,1,0.3,234601543,257938486,414884867,0.5
20140410,465391689,301919971,301858010,266160879,302584612,438410772,4,10,0,1.4202,5.351,4.6811,1,0.3333333333,259172151,326543305,304013906,0.75
20140411,325897532,292651452,235574221,223771699,274386390,319556555,5,11,0,1.4106,5.339,4.6805,1,0.3666666667,171218775,372161003,280963645,1
20140412,275556141,263431235,171320519,194925803,145506447,201137958,6,12,1,1.4099,5.327,4.6791,0,0.4,130175071,138171183,200897470,0.5
20140413,198643801,177456118,132973045,161565264,167604758,219592025,7,13,1,1.4097,5.315,4.6804,0,0.4333333333,86148848,256893459,160853972,1
20140414,202424482,199455537,237413785,377931423,330726069,411958428,1,14,0,1.4048,5.3,4.6786,1,0.4666666667,151211943,497687416,318658552,0.2
20140415,359340606,315904149,360613734,424784984,337425152,302616910,2,15,0,1.4022,5.287,4.6764,1,0.5,241500693,280407782,362444778,0.4
20140416,337278983,333481946,465391689,418550858,426653122,295342178,3,16,0,1.3958,5.272,4.6758,1,0.5333333333,301919971,234601543,257938486,0.6
20140417,344518277,258644563,325897532,301858010,266160879,302584612,4,17,0,1.3866,5.253,4.6695,1,0.5666666667,292651452,259172151,326543305,0.8
20140418,268273324,259158950,275556141,235574221,223771699,274386390,5,18,0,1.3841,5.239,4.668,1,0.6,263431235,171218775,372161003,1
20140419,297030419,212558260,198643801,171320519,194925803,145506447,6,19,1,1.3835,5.224,4.6689,0,0.6333333333,177456118,130175071,138171183,0.5
20140420,131860659,161932743,202424482,132973045,161565264,167604758,7,20,1,1.383,5.21,4.6659,0,0.6666666667,199455537,86148848,256893459,1
20140421,161634908,175154181,359340606,237413785,377931423,330726069,1,21,0,1.3866,5.2,4.6659,1,0.7,315904149,151211943,497687416,0.2
20140422,381369739,416482875,337278983,360613734,424784984,337425152,2,22,0,1.3813,5.188,4.6659,1,0.7333333333,333481946,241500693,280407782,0.4
20140423,268322472,329994810,344518277,465391689,418550858,426653122,3,23,0,1.3654,5.171,4.6659,1,0.7666666667,258644563,301919971,234601543,0.6
20140424,262963640,289670313,268273324,325897532,301858010,266160879,4,24,0,1.3515,5.152,4.6659,1,0.8,259158950,292651452,259172151,0.8
20140425,203798291,348965167,297030419,275556141,235574221,223771699,5,25,0,1.344,5.13,4.6659,1,0.8333333333,212558260,263431235,171218775,1
20140426,320373050,231507912,131860659,198643801,171320519,194925803,6,26,1,1.3441,5.109,4.6659,0,0.8666666667,161932743,177456118,130175071,0.5
20140427,184640194,110439209,161634908,202424482,132973045,161565264,7,27,1,1.3439,5.087,4.6659,0,0.9,175154181,199455537,86148848,1
20140428,167611543,241292798,381369739,359340606,237413785,377931423,1,28,0,1.3506,5.067,4.6659,1,0.9333333333,416482875,315904149,151211943,0.3333333333
20140429,285236269,413667536,268322472,337278983,360613734,424784984,2,29,0,1.346,5.048,4.6659,1,0.9666666667,329994810,333481946,241500693,0.6666666667
20140430,303772841,340918574,262963640,344518277,465391689,418550858,3,30,0,1.3511,5.04,4.6659,1,1,289670313,258644563,301919971,1
20140501,232262878,274590040,203798291,268273324,325897532,301858010,4,1,0,1.3364,5.032,4.6659,0,0.0322580645,348965167,259158950,292651452,0.3333333333
20140502,197451051,113440731,320373050,297030419,275556141,235574221,5,2,0,1.3362,5.028,4.6659,0,0.064516129,231507912,212558260,263431235,0.6666666667
20140503,129869154,103269793,184640194,131860659,198643801,171320519,6,3,1,1.3361,5.023,4.6659,0,0.0967741935,110439209,161932743,177456118,1
20140504,229609301,174430184,167611543,161634908,202424482,132973045,7,4,1,1.3543,5.029,4.6659,1,0.1290322581,241292798,175154181,199455537,0.1666666667
20140505,297192156,282088123,285236269,381369739,359340606,237413785,1,5,0,1.3378,5.022,4.6659,1,0.1612903226,413667536,416482875,315904149,0.3333333333
20140506,425987710,324920452,303772841,268322472,337278983,360613734,2,6,0,1.3831,5.042,4.6659,1,0.1935483871,340918574,329994810,333481946,0.5
20140507,323536443,295986647,232262878,262963640,344518277,465391689,3,7,0,1.3393,5.036,4.6659,1,0.2258064516,274590040,289670313,258644563,0.6666666667
20140508,406395515,221742769,197451051,203798291,268273324,325897532,4,8,0,1.3221,5.028,4.6659,1,0.2580645161,113440731,348965167,259158950,0.8333333333
20140509,353562072,267751934,129869154,320373050,297030419,275556141,5,9,0,1.3244,5.022,4.6659,1,0.2903225806,103269793,231507912,212558260,1
20140510,265472393,158473997,229609301,184640194,131860659,198643801,6,10,1,1.3117,5.008,4.6659,0,0.3225806452,174430184,110439209,161932743,0.5
20140511,227672886,258495276,297192156,167611543,161634908,202424482,7,11,1,1.3115,4.985,4.6659,0,0.3548387097,282088123,241292798,175154181,1
20140512,208480221,142970887,425987710,285236269,381369739,359340606,1,12,0,1.3083,4.969,4.6659,1,0.3870967742,324920452,413667536,416482875,0.2
20140513,285228437,338432936,323536443,303772841,268322472,337278983,2,13,0,1.3022,4.924,4.6659,1,0.4193548387,295986647,340918574,329994810,0.4
20140514,362372059,250343867,406395515,232262878,262963640,344518277,3,14,0,1.2986,4.902,4.6659,1,0.4516129032,221742769,274590040,289670313,0.6
20140515,290208996,297491596,353562072,197451051,203798291,268273324,4,15,0,1.2971,4.888,4.6659,1,0.4838709677,267751934,113440731,348965167,0.8
20140516,303286621,435249186,265472393,129869154,320373050,297030419,5,16,0,1.2986,4.874,4.6659,1,0.5161290323,158473997,103269793,231507912,1
20140517,254644568,200510199,227672886,229609301,184640194,131860659,6,17,1,1.2818,4.858,4.6659,0,0.5483870968,258495276,174430184,110439209,0.5
20140518,116291491,179594252,208480221,297192156,167611543,161634908,7,18,1,1.2816,4.842,4.6659,0,0.5806451613,142970887,282088123,241292798,1
20140519,161097108,145479624,285228437,425987710,285236269,381369739,1,19,0,1.3283,4.853,4.6659,1,0.6129032258,338432936,324920452,413667536,0.2
20140520,347718384,422101826,362372059,323536443,303772841,268322472,2,20,0,1.3308,4.868,4.6659,1,0.6451612903,250343867,295986647,340918574,0.4
20140521,286615315,197106347,290208996,406395515,232262878,262963640,3,21,0,1.323,4.882,4.6659,1,0.6774193548,297491596,221742769,274590040,0.6
20140522,241015636,292385050,303286621,353562072,197451051,203798291,4,22,0,1.2887,4.877,4.6659,1,0.7096774194,435249186,267751934,113440731,0.8
20140523,273390048,295631432,254644568,265472393,129869154,320373050,5,23,0,1.281,4.867,4.6659,1,0.7419354839,200510199,158473997,103269793,1
20140524,200156003,223981714,116291491,227672886,229609301,184640194,6,24,1,1.2488,4.849,4.6659,0,0.7741935484,179594252,258495276,174430184,0.5
20140525,141641047,233305829,161097108,208480221,297192156,167611543,7,25,1,1.2486,4.831,4.6659,0,0.8064516129,145479624,142970887,282088123,1
20140526,169866612,147245163,347718384,285228437,425987710,285236269,1,26,0,1.249,4.788,4.6659,1,0.8387096774,422101826,338432936,324920452,0.2
20140527,266803815,415178334,286615315,362372059,323536443,303772841,2,27,0,1.2548,4.746,4.6659,1,0.8709677419,197106347,250343867,295986647,0.4
20140528,249676185,369000169,241015636,290208996,406395515,232262878,3,28,0,1.2597,4.712,4.6659,1,0.9032258065,292385050,297491596,221742769,0.6
20140529,268930576,381785376,273390048,303286621,353562072,197451051,4,29,0,1.2381,4.684,4.6659,1,0.935483871,295631432,435249186,267751934,0.8
20140530,339227554,402129748,200156003,254644568,265472393,129869154,5,30,0,1.279,4.683,4.6659,1,0.9677419355,223981714,200510199,158473997,1
20140531,248860973,276489019,141641047,116291491,227672886,229609301,6,31,1,1.2376,4.677,4.6659,0,1,233305829,179594252,258495276,0.3333333333
20140601,128370165,153225467,169866612,161097108,208480221,297192156,7,1,1,1.2364,4.67,4.6659,0,0.0333333333,147245163,145479624,142970887,0.6666666667
20140602,143942297,111076626,266803815,347718384,285228437,425987710,1,2,0,1.2305,4.66,4.6659,0,0.0666666667,415178334,422101826,338432936,1
20140603,176770324,157408750,249676185,286615315,362372059,323536443,2,3,0,1.2473,4.656,4.6659,1,0.1,369000169,197106347,250343867,0.25
20140604,285424724,372184784,268930576,241015636,290208996,406395515,3,4,0,1.2611,4.657,4.6659,1,0.1333333333,381785376,292385050,297491596,0.5
20140605,275697613,327061084,339227554,273390048,303286621,353562072,4,5,0,1.2818,4.681,4.6659,1,0.1666666667,402129748,295631432,435249186,0.75
20140606,309000179,302841375,248860973,200156003,254644568,265472393,5,6,0,1.2476,4.664,4.6659,1,0.2,276489019,223981714,200510199,1
20140607,255880246,217295228,128370165,141641047,116291491,227672886,6,7,1,1.2474,4.669,4.6659,0,0.2333333333,153225467,233305829,179594252,0.5
20140608,155141863,206165504,143942297,169866612,161097108,208480221,7,8,1,1.2473,4.675,4.6659,0,0.2666666667,111076626,147245163,145479624,1
20140609,181144835,180076832,176770324,266803815,347718384,285228437,1,9,0,1.2719,4.698,4.6659,1,0.3,157408750,415178334,422101826,0.2
20140610,442360742,241085611,285424724,249676185,286615315,362372059,2,10,0,1.2628,4.706,4.6659,1,0.3333333333,372184784,369000169,197106347,0.4
20140611,389636668,282137606,275697613,268930576,241015636,290208996,3,11,0,1.2723,4.712,4.6659,1,0.3666666667,327061084,381785376,292385050,0.6
20140612,311384505,277431859,309000179,339227554,273390048,303286621,4,12,0,1.2625,4.702,4.6659,1,0.4,302841375,402129748,295631432,0.8
20140613,267188252,256164551,255880246,248860973,200156003,254644568,5,13,0,1.2801,4.719,4.6659,1,0.4333333333,217295228,276489019,223981714,1
20140614,256177180,284281673,155141863,128370165,141641047,116291491,6,14,1,1.2678,4.73,4.6659,0,0.4666666667,206165504,153225467,233305829,0.5
20140615,148539864,289810759,181144835,143942297,169866612,161097108,7,15,1,1.2677,4.742,4.6659,0,0.5,180076832,111076626,147245163,1
20140616,201999390,217992393,442360742,176770324,266803815,347718384,1,16,0,1.2581,4.734,4.6659,1,0.5333333333,241085611,157408750,415178334,0.2
20140617,336917078,383963086,389636668,285424724,249676185,286615315,2,17,0,1.2436,4.724,4.6659,1,0.5666666667,282137606,372184784,369000169,0.4
20140618,324524255,331341050,311384505,275697613,268930576,241015636,3,18,0,1.2244,4.697,4.6659,1,0.6,277431859,327061084,381785376,0.6
20140619,266480068,358972950,267188252,309000179,339227554,273390048,4,19,0,1.193,4.66,4.6659,1,0.6333333333,256164551,302841375,402129748,0.8
20140620,282577514,322086055,256177180,255880246,248860973,200156003,5,20,0,1.2332,4.634,4.6659,1,0.6666666667,284281673,217295228,276489019,1
20140621,226974141,333222993,148539864,155141863,128370165,141641047,6,21,1,1.1774,4.585,4.6659,0,0.7,289810759,206165504,153225467,0.5
20140622,186364721,169065467,201999390,181144835,143942297,169866612,7,22,1,1.1773,4.535,4.6659,0,0.7333333333,217992393,180076832,111076626,1
20140623,143403001,232029485,336917078,442360742,176770324,266803815,1,23,0,1.1818,4.494,4.6659,1,0.7666666667,383963086,241085611,157408750,0.2
20140624,304220528,444554691,324524255,389636668,285424724,249676185,2,24,0,1.1875,4.463,4.6659,1,0.8,331341050,282137606,372184784,0.4
20140625,298405851,342707532,266480068,311384505,275697613,268930576,3,25,0,1.1376,4.416,4.6659,1,0.8333333333,358972950,277431859,327061084,0.6
20140626,271335080,319358448,282577514,267188252,309000179,339227554,4,26,0,1.1175,4.375,4.6659,1,0.8666666667,322086055,256164551,302841375,0.8
20140627,223576983,498151313,226974141,256177180,255880246,248860973,5,27,0,1.1403,4.324,4.6659,1,0.9,333222993,284281673,217295228,1
20140628,186455771,307276813,186364721,148539864,155141863,128370165,6,28,1,1.1247,4.296,4.6659,0,0.9333333333,169065467,289810759,206165504,0.5
20140629,181197896,199382031,143403001,201999390,181144835,143942297,7,29,1,1.1245,4.267,4.6659,0,0.9666666667,232029485,217992393,180076832,1
20140630,171945311,238934317,304220528,336917078,442360742,176770324,1,30,0,1.1234,4.235,4.6659,1,1,444554691,383963086,241085611,0.2
20140701,331665096,425796747,298405851,324524255,389636668,285424724,2,1,0,1.1619,4.221,4.6659,1,0.0322580645,342707532,331341050,282137606,0.4
20140702,379361211,358485374,271335080,266480068,311384505,275697613,3,2,0,1.1374,4.221,4.6659,1,0.064516129,319358448,358972950,277431859,0.6
20140703,301263008,364268994,223576983,282577514,267188252,309000179,4,3,0,1.1345,4.23,4.6659,1,0.0967741935,498151313,322086055,256164551,0.8
20140704,205360896,257959811,186455771,226974141,256177180,255880246,5,4,0,1.1211,4.22,4.6659,1,0.1290322581,307276813,333222993,284281673,1
20140705,221546458,253548445,181197896,186364721,148539864,155141863,6,5,1,1.121,4.218,4.6659,0,0.1612903226,199382031,169065467,289810759,0.5
20140706,162447667,168602028,171945311,143403001,201999390,181144835,7,6,1,1.1209,4.216,4.6659,0,0.1935483871,238934317,232029485,217992393,1
20140707,163090528,250453540,331665096,304220528,336917078,442360742,1,7,0,1.1216,4.215,4.6659,1,0.2258064516,425796747,444554691,383963086,0.2
20140708,330300280,332660498,379361211,298405851,324524255,389636668,2,8,0,1.1183,4.191,4.6659,1,0.2580645161,358485374,342707532,331341050,0.4
20140709,237821679,363952447,301263008,271335080,266480068,311384505,3,9,0,1.1169,4.18,4.6659,1,0.2903225806,364268994,319358448,358972950,0.6
20140710,254180106,308883169,205360896,223576983,282577514,267188252,4,10,0,1.1305,4.178,4.6659,1,0.3225806452,257959811,498151313,322086055,0.8
20140711,277110154,322207184,221546458,186455771,226974141,256177180,5,11,0,1.12,4.177,4.6659,1,0.3548387097,253548445,307276813,333222993,1
20140712,233743113,266630674,162447667,181197896,186364721,148539864,6,12,1,1.113,4.173,4.6659,0,0.3870967742,168602028,199382031,169065467,0.5
20140713,149584303,173485119,163090528,171945311,143403001,201999390,7,13,1,1.1125,4.169,4.6659,0,0.4193548387,250453540,238934317,232029485,1
20140714,142610813,218339981,330300280,331665096,304220528,336917078,1,14,0,1.1284,4.172,4.6659,1,0.4516129032,332660498,425796747,444554691,0.2
20140715,246080213,272164963,237821679,379361211,298405851,324524255,2,15,0,1.1341,4.181,4.6659,1,0.4838709677,363952447,358485374,342707532,0.4
20140716,299355385,369452520,254180106,301263008,271335080,266480068,3,16,0,1.1377,4.192,4.6659,1,0.5161290323,308883169,364268994,319358448,0.6
20140717,277080654,278415089,277110154,205360896,223576983,282577514,4,17,0,1.1133,4.183,4.6659,1,0.5483870968,322207184,257959811,498151313,0.8
20140718,254493213,204597291,233743113,221546458,186455771,226974141,5,18,0,1.1215,4.184,4.6659,1,0.5806451613,266630674,253548445,307276813,1
20140719,191967546,162854740,149584303,162447667,181197896,186364721,6,19,1,1.1131,4.184,4.6659,0,0.6129032258,173485119,168602028,199382031,0.5
20140720,153934641,122809272,142610813,163090528,171945311,143403001,7,20,1,1.1129,4.184,4.6659,0,0.6451612903,218339981,250453540,238934317,1
20140721,174324225,157986108,246080213,330300280,331665096,304220528,1,21,0,1.1428,4.192,4.6659,1,0.6774193548,272164963,332660498,425796747,0.2
20140722,241509367,325273684,299355385,237821679,379361211,298405851,2,22,0,1.1166,4.182,4.6659,1,0.7096774194,369452520,363952447,358485374,0.4
20140723,222479621,307691465,277080654,254180106,301263008,271335080,3,23,0,1.1266,4.176,4.6659,1,0.7419354839,278415089,308883169,364268994,0.6
20140724,281820273,289004852,254493213,277110154,205360896,223576983,4,24,0,1.1215,4.181,4.6659,1,0.7741935484,204597291,322207184,257959811,0.8
20140725,257332381,284291000,191967546,233743113,221546458,186455771,5,25,0,1.1244,4.182,4.6659,1,0.8064516129,162854740,266630674,253548445,1
20140726,203397102,233005216,153934641,149584303,162447667,181197896,6,26,1,1.1221,4.187,4.6659,0,0.8387096774,122809272,173485119,168602028,0.5
20140727,198457820,152163398,174324225,142610813,163090528,171945311,7,27,1,1.122,4.192,4.6659,0,0.8709677419,157986108,218339981,250453540,1
20140728,162389176,281734449,241509367,246080213,330300280,331665096,1,28,0,1.1276,4.184,4.6659,1,0.9032258065,325273684,272164963,332660498,0.2
20140729,253136439,393656353,222479621,299355385,237821679,379361211,2,29,0,1.1156,4.183,4.6659,1,0.935483871,307691465,369452520,363952447,0.4
20140730,325692942,185509598,281820273,277080654,254180106,301263008,3,30,0,1.1162,4.178,4.6659,1,0.9677419355,289004852,278415089,308883169,0.6
20140731,239088792,278053927,257332381,254493213,277110154,205360896,4,31,0,1.1156,4.174,4.6659,1,1,284291000,204597291,322207184,0.8
20140801,228056623,269628521,203397102,191967546,233743113,221546458,5,1,0,1.1173,4.171,4.6659,1,0.0322580645,233005216,162854740,266630674,1
20140802,378242546,282593743,198457820,153934641,149584303,162447667,6,2,1,1.118,4.168,4.6659,0,0.064516129,152163398,122809272,173485119,0.5
20140803,152120792,162090956,162389176,174324225,142610813,163090528,7,3,1,1.1178,4.166,4.6659,0,0.0967741935,281734449,157986108,218339981,1
20140804,154077981,121165959,253136439,241509367,246080213,330300280,1,4,0,1.1451,4.176,4.6659,1,0.1290322581,393656353,325273684,272164963,0.2
20140805,254890053,248676024,325692942,222479621,299355385,237821679,2,5,0,1.1203,4.178,4.6659,1,0.1612903226,185509598,307691465,369452520,0.4
20140806,311680953,278473251,239088792,281820273,277080654,254180106,3,6,0,1.1162,4.178,4.6659,1,0.1935483871,278053927,289004852,278415089,0.6
20140807,269143684,247713799,228056623,257332381,254493213,277110154,4,7,0,1.1186,4.18,4.6659,1,0.2258064516,269628521,284291000,204597291,0.8
20140808,256485155,283816788,378242546,203397102,191967546,233743113,5,8,0,1.1397,4.192,4.6659,1,0.2580645161,282593743,233005216,162854740,1
20140809,228097887,204391027,152120792,198457820,153934641,149584303,6,9,1,1.1173,4.191,4.6659,0,0.2903225806,162090956,152163398,122809272,0.5
20140810,146751994,143619719,154077981,162389176,174324225,142610813,7,10,1,1.1172,4.191,4.6659,0,0.3225806452,121165959,281734449,157986108,1
20140811,164174384,223625820,254890053,253136439,241509367,246080213,1,11,0,1.1235,4.179,4.6659,1,0.3548387097,248676024,393656353,325273684,0.2
20140812,284695009,385895199,311680953,325692942,222479621,299355385,2,12,0,1.1146,4.176,4.6659,1,0.3870967742,278473251,185509598,307691465,0.4
20140813,260705801,254258310,269143684,239088792,281820273,277080654,3,13,0,1.1138,4.175,4.6659,1,0.4193548387,247713799,278053927,289004852,0.6
20140814,262139305,308734578,256485155,228056623,257332381,254493213,4,14,0,1.1367,4.185,4.6659,1,0.4516129032,283816788,269628521,284291000,0.8
20140815,248894735,252702796,228097887,378242546,203397102,191967546,5,15,0,1.1129,4.17,4.6659,1,0.4838709677,204391027,282593743,233005216,1
20140816,268968079,221094668,146751994,152120792,198457820,153934641,6,16,1,1.1128,4.168,4.6659,0,0.5161290323,143619719,162090956,152163398,0.5
20140817,158553438,158797400,164174384,154077981,162389176,174324225,7,17,1,1.1126,4.165,4.6659,0,0.5483870968,223625820,121165959,281734449,1
20140818,161198309,194379633,284695009,254890053,253136439,241509367,1,18,0,1.1122,4.159,4.6659,1,0.5806451613,385895199,248676024,393656353,0.2
20140819,280533543,385940924,260705801,311680953,325692942,222479621,2,19,0,1.122,4.163,4.6659,1,0.6129032258,254258310,278473251,185509598,0.4
20140820,236052637,247704409,262139305,269143684,239088792,281820273,3,20,0,1.124,4.169,4.6659,1,0.6451612903,308734578,247713799,278053927,0.6
20140821,209205785,244720592,248894735,256485155,228056623,257332381,4,21,0,1.1168,4.158,4.6659,1,0.6774193548,252702796,283816788,269628521,0.8
20140822,234392568,185570807,268968079,228097887,378242546,203397102,5,22,0,1.104,4.153,4.6659,1,0.7096774194,221094668,204391027,282593743,1
20140823,182566127,232911054,158553438,146751994,152120792,198457820,6,23,1,1.0997,4.146,4.6659,0,0.7419354839,158797400,143619719,162090956,0.5
20140824,154613502,196780196,161198309,164174384,154077981,162389176,7,24,1,1.0993,4.139,4.6659,0,0.7741935484,194379633,223625820,121165959,1
20140825,134164401,209908787,280533543,284695009,254890053,253136439,1,25,0,1.1122,4.139,4.6659,1,0.8064516129,385940924,385895199,248676024,0.2
20140826,283116043,264492485,236052637,260705801,311680953,325692942,2,26,0,1.1085,4.131,4.6659,1,0.8387096774,247704409,254258310,278473251,0.4
20140827,241046273,271225580,209205785,262139305,269143684,239088792,3,27,0,1.1079,4.123,4.6659,1,0.8709677419,244720592,308734578,247713799,0.6
20140828,227515169,345649378,234392568,248894735,256485155,228056623,4,28,0,1.1043,4.116,4.6659,1,0.9032258065,185570807,252702796,283816788,0.8
20140829,240376956,327274182,182566127,268968079,228097887,378242546,5,29,0,1.1169,4.123,4.6659,1,0.935483871,232911054,221094668,204391027,1
20140830,214114844,359195182,154613502,158553438,146751994,152120792,6,30,1,1.1206,4.134,4.6659,0,0.9677419355,196780196,158797400,143619719,0.5
20140831,183547267,201759798,134164401,161198309,164174384,154077981,7,31,1,1.1204,4.146,4.6659,0,1,209908787,194379633,223625820,1
