report_date,yesterday_purchase,yesterday_redeem,week1,week2,week3,week4,day_of_week,day_of_month,isweekend,mfd_daily_yield,mfd_7daily_yield,Interest_1_M,shouldwork,dayofmonth_percent,term_percent
20130701,,,,,,,1,1,0,1.5787,6.307,6.88,,,
20130702,22533121,1238748,,,,,2,2,0,1.5461,6.174,5.8,,,
20130703,29624840,3215499,,,,,3,3,0,1.467,6.034,5.2,,,
20130704,22525940,4385918,,,,,4,4,0,1.4223,5.903,5.102,,,
20130705,32111643,12845583,,,,,5,5,0,1.3845,5.739,4.7885,,,
20130706,16129924,2551703,,,,,6,6,1,1.3674,5.582,4.3,,,
20130707,16179865,2289341,,,,,7,7,1,1.3671,5.425,4.298,,,
20130708,15516443,4363341,1238748,,,,1,8,0,1.3129,5.279,4.269,,,
20130709,98730828,15888356,3215499,,,,2,9,0,1.3096,5.15,4.351,,,
20130710,18623071,11374271,4385918,,,,3,10,0,1.2792,5.047,4.128,,,
20130711,42210154,18319144,12845583,,,,4,11,0,1.2616,4.959,4.2705,,,
20130712,29843023,2158990,2551703,,,,5,12,0,1.2487,4.884,4.424,,,
20130713,23202473,4829301,2289341,,,,6,13,1,1.2396,4.815,4.53,,,
20130714,19218553,2218978,4363341,,,,7,14,1,1.2394,4.745,4.61,,,
20130715,101209093,3375744,15888356,1238748,,,1,15,0,1.1985,4.682,4.669,,,
20130716,106271409,25375610,11374271,3215499,,,2,16,0,1.2214,4.634,4.806,,,
20130717,26323198,32164805,18319144,4385918,,,3,17,0,1.1829,4.582,4.99,,,
20130718,28834269,26631817,2158990,12845583,,,4,18,0,1.1896,4.543,5.293,,,
20130719,27609385,8142301,4829301,2551703,,,5,19,0,1.2032,4.518,5.468,,,
20130720,126301368,3413665,2218978,2289341,,,6,20,1,1.1964,4.494,5.722,,,
20130721,20662791,4557888,3375744,4363341,,,7,21,1,1.1962,4.471,5.988,,,
20130722,81375803,7068179,25375610,15888356,1238748,,1,22,0,1.1547,4.447,5.889,,,
20130723,37844074,9073308,32164805,11374271,3215499,,2,23,0,1.1826,4.426,5.34,,,
20130724,25115410,8675669,26631817,18319144,4385918,,3,24,0,1.1805,4.424,4.846,,,
20130725,29405789,9348626,8142301,2158990,12845583,,4,25,0,1.1645,4.411,4.642,,,
20130726,123922858,62652056,3413665,4829301,2551703,,5,26,0,1.1777,4.397,4.575,,,
20130727,25835746,11721842,4557888,2218978,2289341,,6,27,1,1.1728,4.384,4.6005,,,
20130728,31021548,5723416,7068179,3375744,4363341,,7,28,1,1.1726,4.371,4.58,,,
20130729,26260152,32887218,9073308,25375610,15888356,1238748,1,29,0,1.1515,4.369,4.595,,,
20130730,59130418,14375762,8675669,32164805,11374271,3215499,2,30,0,1.1958,4.377,4.535,,,
20130731,35410500,16427906,9348626,26631817,18319144,4385918,3,31,0,1.2088,4.392,4.5,,,
20130801,122942064,13151366,62652056,8142301,2158990,12845583,4,1,0,1.2026,4.413,4.524,,,
20130802,61905830,6159040,11721842,3413665,4829301,2551703,5,2,0,1.222,4.437,4.505,,,
20130803,73104389,20410883,5723416,4557888,2218978,2289341,6,3,1,1.2154,4.46,4.517,,,
20130804,31370682,24942267,32887218,7068179,3375744,4363341,7,4,1,1.2152,4.483,4.56,,,
20130805,45251520,16648439,14375762,9073308,25375610,15888356,1,5,0,1.1875,4.503,4.925,,,
20130806,51533056,123111835,16427906,8675669,32164805,11374271,2,6,0,1.204,4.507,5.218,,,
20130807,27348705,23304219,13151366,9348626,26631817,18319144,3,7,0,1.2118,4.509,5.04,,,
20130808,24953363,13675014,6159040,62652056,8142301,2158990,4,8,0,1.2155,4.516,4.968,,,
20130809,44702970,10561475,20410883,11721842,3413665,4829301,5,9,0,1.2174,4.513,5.016,,,
20130810,46197838,15546146,24942267,5723416,4557888,2218978,6,10,1,1.2128,4.512,5.007,,,
20130811,44403831,41942573,16648439,32887218,7068179,3375744,7,11,1,1.2126,4.511,4.974,,,
20130812,42840984,5443051,123111835,14375762,9073308,25375610,1,12,0,1.1886,4.511,4.929,,,
20130813,33901418,43533052,23304219,16427906,8675669,32164805,2,13,0,1.2143,4.517,4.903,,,
20130814,45856548,29325894,13675014,13151366,9348626,26631817,3,14,0,1.2201,4.521,4.805,,,
20130815,39066415,23721318,10561475,6159040,62652056,8142301,4,15,0,1.2184,4.523,4.6,,,
20130816,29238678,21981558,15546146,20410883,11721842,3413665,5,16,0,1.219,4.524,4.523,,,
20130817,54635823,58314359,41942573,24942267,5723416,4557888,6,17,1,1.215,4.525,4.581,,,
20130818,15688245,51457176,5443051,16648439,32887218,7068179,7,18,1,1.2148,4.526,4.574,,,
20130819,45069353,35585574,43533052,123111835,14375762,9073308,1,19,0,1.1987,4.532,4.484,,,
20130820,48319110,27409347,29325894,23304219,16427906,8675669,2,20,0,1.2288,4.54,4.598,,,
20130821,51304276,27002747,23721318,13675014,13151366,9348626,3,21,0,1.2307,4.545,4.862,,,
20130822,45762636,18370111,21981558,10561475,6159040,62652056,4,22,0,1.2187,4.546,5.138,,,
20130823,26545809,18620771,58314359,15546146,20410883,11721842,5,23,0,1.2236,4.548,5.374,,,
20130824,33855284,16009856,51457176,41942573,24942267,5723416,6,24,1,1.2204,4.551,5.4834,,,
20130825,54574111,14426635,35585574,5443051,16648439,32887218,7,25,1,1.2202,4.554,5.67,,,
20130826,17586501,12426430,27409347,43533052,123111835,14375762,1,26,0,1.185,4.546,5.836,,,
20130827,52044963,16794905,27002747,29325894,23304219,16427906,2,27,0,1.2131,4.538,5.913,,,
20130828,49273164,23573930,18370111,23721318,13675014,13151366,3,28,0,1.213,4.528,5.948,,,
20130829,57249467,68685109,18620771,21981558,10561475,6159040,4,29,0,1.3194,4.583,6.004,,,
20130830,31008331,29996101,16009856,58314359,15546146,20410883,5,30,0,1.4113,4.686,6.1089,,,
20130831,29172174,17631447,14426635,51457176,41942573,24942267,6,31,1,1.2201,4.685,5.856,,,
20130901,27720016,12893797,12426430,35585574,5443051,16648439,7,1,1,1.2199,4.685,5.435,,,
20130902,60276302,18155299,16794905,27409347,43533052,123111835,1,2,0,1.4475,4.829,5.33,,,
20130903,42168974,27437595,23573930,27002747,29325894,23304219,2,3,0,1.2339,4.84,5.3,,,
20130904,58345539,20886668,68685109,18370111,23721318,13675014,3,4,0,1.2349,4.852,5.3,,,
20130905,55301172,23688242,29996101,18620771,21981558,10561475,4,5,0,1.2374,4.807,5.178,,,
20130906,42500904,17937329,17631447,16009856,58314359,15546146,5,6,0,1.5058,4.859,5.213,,,
20130907,38650095,22744929,12893797,14426635,51457176,41942573,6,7,1,1.2415,4.87,5.1,,,
20130908,49801798,17830433,18155299,12426430,35585574,5443051,7,8,1,1.2381,4.88,5,,,
20130909,24810658,19393890,27437595,16794905,27409347,43533052,1,9,0,1.44,4.876,4.805,,,
20130910,55565482,22529834,20886668,23573930,27002747,29325894,2,10,0,1.4214,4.979,4.85,,,
20130911,81305151,61880908,23688242,68685109,18370111,23721318,3,11,0,1.2527,4.989,4.713,,,
20130912,93077458,45646088,17937329,29996101,18620771,21981558,4,12,0,1.2598,5.001,4.857,,,
20130913,50035862,16797004,22744929,17631447,16009856,58314359,5,13,0,1.3805,4.932,4.73,,,
20130914,48041116,10624127,17830433,12893797,14426635,51457176,6,14,1,1.2613,4.943,4.613,,,
20130915,34379286,22263774,19393890,18155299,12426430,35585574,7,15,1,1.2611,4.956,4.683,,,
20130916,38956366,17385227,22529834,27437595,16794905,27409347,1,16,0,1.4143,4.942,4.707,,,
20130917,104399397,14276435,61880908,20886668,23573930,27002747,2,17,0,1.2495,4.848,4.814,,,
20130918,75209349,21022169,45646088,23688242,68685109,18370111,3,18,0,1.3366,4.894,5.4,,,
20130919,41969227,17777697,16797004,17937329,29996101,18620771,4,19,0,1.2594,4.893,6.422,,,
20130920,40861546,11095259,10624127,22744929,17631447,16009856,5,20,0,1.2592,4.827,6.477,,,
20130921,33601331,15710134,22263774,17830433,12893797,14426635,6,21,1,1.2569,4.825,6.162,,,
20130922,61641978,23219290,17385227,19393890,18155299,12426430,7,22,1,1.2567,4.822,5.924,,,
20130923,59188234,75805107,14276435,22529834,27437595,16794905,1,23,0,1.2346,4.724,5.334,,,
20130924,37338427,26564396,21022169,61880908,20886668,23573930,2,24,0,1.3281,4.767,5.162,,,
20130925,56008378,26722196,17777697,45646088,23688242,68685109,3,25,0,1.3895,4.796,4.605,,,
20130926,107206248,54563516,11095259,16797004,17937329,29996101,4,26,0,1.4449,4.897,4.6155,,,
20130927,49684160,32334604,15710134,10624127,22744929,17631447,5,27,0,1.3799,4.963,4.869,,,
20130928,51076556,21422361,23219290,22263774,17830433,12893797,6,28,1,1.3138,4.994,4.974,,,
20130929,46758852,37660670,75805107,17385227,19393890,18155299,7,29,1,1.3136,5.026,5.077,,,
20130930,76038490,77461238,26564396,14276435,22529834,27437595,1,30,0,1.3162,5.07,5.269,,,
20131001,49151321,34100714,26722196,21022169,61880908,20886668,2,1,0,1.3181,5.065,4.865,,,
20131002,22858568,8869210,54563516,17777697,45646088,23688242,3,2,0,1.3179,5.026,5.251,,,
20131003,15700008,10393202,32334604,11095259,16797004,17937329,4,3,0,1.3177,4.956,5.325,,,
20131004,7251212,14700007,21422361,15710134,10624127,22744929,5,4,0,1.3175,4.922,5.949,,,
20131005,22868589,12046540,37660670,23219290,22263774,17830433,6,5,1,1.3173,4.924,6.405,,,
20131006,21245166,13019900,77461238,75805107,17385227,19393890,7,6,1,1.3111,4.922,6.121,,,
20131007,40318288,14733990,34100714,26564396,14276435,22529834,1,7,0,1.3109,4.919,6.179,,,
20131008,56730939,82606688,8869210,26722196,21022169,61880908,2,8,0,1.4756,5.006,6.283,,,
20131009,115047417,60758100,10393202,54563516,17777697,45646088,3,9,0,1.2935,4.992,6.378,,,
20131010,67339813,26611167,14700007,32334604,11095259,16797004,4,10,0,1.3088,4.987,6.378,,,
20131011,93642539,36132959,12046540,21422361,15710134,10624127,5,11,0,1.3122,4.985,6.582,,,
20131012,68845671,31646212,13019900,37660670,23219290,22263774,6,12,1,1.3082,4.98,6.704,,,
20131013,95312628,36724035,14733990,77461238,75805107,17385227,7,13,1,1.308,4.978,6.555,,,
20131014,40381173,46888025,82606688,34100714,26564396,14276435,1,14,0,1.2777,4.96,6.365,,,
20131015,158158044,41243215,60758100,8869210,26722196,21022169,2,15,0,1.3456,4.889,6.263,,,
20131016,108776071,58286788,26611167,10393202,54563516,17777697,3,16,0,1.313,4.899,6.28,,,
20131017,156977224,40682099,36132959,14700007,32334604,11095259,4,17,0,1.2908,4.889,6.235,,,
20131018,73354575,45517673,31646212,12046540,21422361,15710134,5,18,0,1.2917,4.878,6.08,,,
20131019,80573607,29644051,36724035,13019900,37660670,23219290,6,19,1,1.2859,4.866,5.596,,,
20131020,47140830,12115532,46888025,14733990,77461238,75805107,7,20,1,1.2857,4.854,5.45,,,
20131021,78146352,27240757,41243215,82606688,34100714,26564396,1,21,0,1.34,4.888,5.296,,,
20131022,92303765,86625521,58286788,60758100,8869210,26722196,2,22,0,1.2698,4.846,5.238,,,
20131023,79936840,29426313,40682099,26611167,10393202,54563516,3,23,0,1.273,4.825,5.4155,,,
20131024,91267273,36092748,45517673,36132959,14700007,32334604,4,24,0,1.2811,4.819,5.423,,,
20131025,78253878,69717843,29644051,31646212,12046540,21422361,5,25,0,1.2758,4.811,5.557,,,
20131026,72866681,62677596,12115532,36724035,13019900,37660670,6,26,1,1.2731,4.804,6.235,,,
20131027,89152724,27504517,27240757,46888025,14733990,77461238,7,27,1,1.2729,4.797,6.765,,,
20131028,58360160,25646394,86625521,41243215,82606688,34100714,1,28,0,1.2428,4.743,7.1012,,,
20131029,175987478,67747746,29426313,58286788,60758100,8869210,2,29,0,1.289,4.754,7.53,,,
20131030,147891369,52687221,36092748,40682099,26611167,10393202,3,30,0,1.2902,4.763,7.656,,,
20131031,123495252,63435426,69717843,45517673,36132959,14700007,4,31,0,1.2965,4.772,6.605,,,
20131101,105655220,93841828,62677596,29644051,31646212,12046540,5,1,0,1.2919,4.781,6.509,,,
20131102,90052647,46678116,27504517,12115532,36724035,13019900,6,2,1,1.2911,4.79,6.57,,,
20131103,60697754,21879168,25646394,27240757,46888025,14733990,7,3,1,1.291,4.8,6.492,,,
20131104,109705314,33749172,67747746,86625521,41243215,82606688,1,4,0,1.2888,4.825,6.122,,,
20131105,134705147,108318485,52687221,29426313,58286788,60758100,2,5,0,1.2938,4.828,5.913,,,
20131106,170112074,128585154,63435426,36092748,40682099,26611167,3,6,0,1.2917,4.829,5.91,,,
20131107,177181307,131796343,93841828,69717843,45517673,36132959,4,7,0,1.2935,4.827,6.201,,,
20131108,219191421,149424128,46678116,62677596,29644051,31646212,5,8,0,1.292,4.827,6.475,,,
20131109,249304249,99248361,21879168,27504517,12115532,36724035,6,9,1,1.2891,4.826,5.925,,,
20131110,123652022,59247170,33749172,25646394,27240757,46888025,7,10,1,1.2889,4.825,5.65,,,
20131111,158993537,123840519,108318485,67747746,86625521,41243215,1,11,0,1.4962,4.938,6.314,,,
20131112,143416540,246064757,128585154,52687221,29426313,58286788,2,12,0,1.4577,5.028,5.675,,,
20131113,173549641,74456493,131796343,63435426,36092748,40682099,3,13,0,1.4097,5.093,6.465,,,
20131114,158376990,54302781,149424128,93841828,69717843,45517673,4,14,0,1.3294,5.112,6.4842,,,
20131115,148622821,42611824,99248361,46678116,62677596,29644051,5,15,0,1.4738,5.212,6.742,,,
20131116,116112820,44380574,59247170,21879168,27504517,12115532,6,16,1,1.3102,5.224,6.693,,,
20131117,85621804,38584607,123840519,33749172,25646394,27240757,7,17,1,1.31,5.235,6.964,,,
20131118,98492364,35055232,246064757,108318485,67747746,86625521,1,18,0,1.321,5.139,7.472,,,
20131119,145222355,65817333,74456493,128585154,52687221,29426313,2,19,0,1.3377,5.073,7.427,,,
20131120,165943591,60013853,54302781,131796343,63435426,36092748,3,20,0,1.3352,5.033,6.95,,,
20131121,149019647,83122720,42611824,149424128,93841828,69717843,4,21,0,1.3442,5.041,6.708,,,
20131122,236672974,75803920,44380574,99248361,46678116,62677596,5,22,0,1.3502,4.973,6.817,,,
20131123,139140591,66623532,38584607,59247170,21879168,27504517,6,23,1,1.3469,4.993,6.995,,,
20131124,85234876,88449004,35055232,123840519,33749172,25646394,7,24,1,1.3467,5.013,6.83,,,
20131125,97522283,60355364,65817333,246064757,108318485,67747746,1,25,0,1.361,5.035,7.333,,,
20131126,188023955,91230946,60013853,74456493,128585154,52687221,2,26,0,1.3774,5.057,7.192,,,
20131127,181397027,79919049,83122720,54302781,131796343,63435426,3,27,0,1.3755,5.079,5.441,,,
20131128,152083973,178457547,75803920,42611824,149424128,93841828,4,28,0,1.3862,5.102,5.4,,,
20131129,152510165,107063218,66623532,44380574,99248361,46678116,5,29,0,1.3879,5.123,5.811,,,
20131130,144836611,96242909,88449004,38584607,59247170,21879168,6,30,1,1.3878,5.145,5.849,,,
20131201,94687796,76461088,60355364,35055232,123840519,33749172,7,1,1,1.3876,5.168,5.758,,,
20131202,179080325,95291329,91230946,65817333,246064757,108318485,1,2,0,1.3882,5.182,5.65,,,
20131203,207768089,107045755,79919049,60013853,74456493,128585154,2,3,0,1.399,5.194,5.629,,,
20131204,176533224,105284341,178457547,83122720,54302781,131796343,3,4,0,1.3982,5.207,5.493,,,
20131205,253181565,91187713,107063218,75803920,42611824,149424128,4,5,0,1.4025,5.216,5.365,,,
20131206,152989262,75925859,96242909,66623532,44380574,99248361,5,6,0,1.3848,5.214,5.2985,,,
20131207,198597129,92725974,76461088,88449004,38584607,59247170,6,7,1,1.3815,5.211,5.2942,,,
20131208,116093484,53512763,95291329,60355364,35055232,123840519,7,8,1,1.3809,5.207,5.22,,,
20131209,127532403,53648650,107045755,91230946,65817333,246064757,1,9,0,1.4227,5.226,5.176,,,
20131210,214664521,152407205,105284341,79919049,60013853,74456493,2,10,0,1.4271,5.241,4.968,,,
20131211,281121012,78077384,91187713,178457547,83122720,54302781,3,11,0,1.42,5.253,4.519,,,
20131212,316266609,126368276,75925859,107063218,75803920,42611824,4,12,0,1.4663,5.288,4.4435,,,
20131213,172183635,117455386,92725974,96242909,66623532,44380574,5,13,0,1.4527,5.325,4.368,,,
20131214,146722615,83443683,53512763,76461088,88449004,38584607,6,14,1,1.4493,5.363,4.316,,,
20131215,134839018,73250223,53648650,95291329,60355364,35055232,7,15,1,1.4491,5.4,4.262,,,
20131216,119396143,59674345,152407205,107045755,91230946,65817333,1,16,0,1.4771,5.43,4.365,,,
20131217,188230089,86266515,78077384,105284341,79919049,60013853,2,17,0,1.4532,5.444,4.45,,,
20131218,212780998,109073593,126368276,91187713,178457547,83122720,3,18,0,1.4542,5.463,4.64,,,
20131219,190985922,91560802,117455386,75925859,107063218,75803920,4,19,0,1.5167,5.491,4.586,,,
20131220,144026114,112370684,83443683,92725974,96242909,66623532,5,20,0,1.513,5.524,4.574,,,
20131221,131176893,148188232,73250223,53512763,76461088,88449004,6,21,1,1.5109,5.558,4.293,,,
20131222,91445173,59536553,59674345,53648650,95291329,60355364,7,22,1,1.5107,5.592,3.872,,,
20131223,140558599,56877147,86266515,152407205,107045755,91230946,1,23,0,1.6189,5.67,3.83,,,
20131224,190330016,179886396,109073593,78077384,105284341,79919049,2,24,0,1.611,5.757,3.868,,,
20131225,182690432,133342747,91560802,126368276,91187713,178457547,3,25,0,1.7012,5.893,3.938,,,
20131226,153343940,212312830,112370684,117455386,75925859,107063218,4,26,0,1.7674,6.032,4.022,,,
20131227,187935531,146764679,148188232,83443683,92725974,96242909,5,27,0,1.803,6.192,4.412,,,
20131228,173898861,252417542,59536553,73250223,53512763,76461088,6,28,1,1.7889,6.346,4.619,,,
20131229,199852196,101848650,56877147,59674345,53648650,95291329,7,29,1,1.7886,6.5,4.895,,,
20131230,173772752,74663175,179886396,86266515,152407205,107045755,1,30,0,1.7947,6.598,5.148,,,
20131231,286491118,103985798,133342747,109073593,78077384,105284341,2,31,0,1.7869,6.696,5.125,,,
20140101,326974771,113254499,212312830,91560802,126368276,91187713,3,1,0,1.7807,6.74,4.835,,,
20140102,335862570,77073258,146764679,112370684,117455386,75925859,4,2,0,1.8092,6.763,4.938,,,
20140103,301179400,124541441,252417542,148188232,83443683,92725974,5,3,0,1.7847,6.753,4.769,,,
20140104,291336871,115361983,101848650,59536553,73250223,53512763,6,4,1,1.7751,6.745,4.617,,,
20140105,155828144,71718874,74663175,56877147,59674345,53648650,7,5,1,1.7748,6.738,4.6,,,
20140106,321343539,106824899,103985798,179886396,86266515,152407205,1,6,0,1.774,6.726,4.6,,,
20140107,371683914,139233405,113254499,133342747,109073593,78077384,2,7,0,1.8086,6.738,4.6,,,
20140108,339901798,110203644,77073258,212312830,91560802,126368276,3,8,0,1.822,6.761,4.597,,,
20140109,271765172,115536959,124541441,146764679,112370684,117455386,4,9,0,1.7647,6.737,4.437,,,
20140110,345036273,121195295,115361983,252417542,148188232,83443683,5,10,0,1.7878,6.738,4.401,,,
20140111,296993855,119859597,71718874,101848650,59536553,73250223,6,11,1,1.7439,6.721,4.375,,,
20140112,178289447,116820618,106824899,74663175,56877147,59674345,7,12,1,1.7434,6.703,4.209,,,
20140113,192128885,80041533,139233405,103985798,179886396,86266515,1,13,0,1.7584,6.695,4.165,,,
20140114,292143045,164389088,110203644,113254499,133342747,109073593,2,14,0,1.7634,6.67,4.102,,,
20140115,337203610,194979118,115536959,77073258,212312830,91560802,3,15,0,1.7295,6.618,4.085,,,
20140116,233318844,114905112,121195295,124541441,146764679,112370684,4,16,0,1.723,6.595,4.06,,,
20140117,490563564,136931314,119859597,115361983,252417542,148188232,5,17,0,1.7139,6.554,3.93,,,
20140118,262046075,154263565,116820618,71718874,101848650,59536553,6,18,1,1.6772,6.517,3.767,,,
20140119,184240864,107190052,80041533,106824899,74663175,56877147,7,19,1,1.6767,6.48,3.808,,,
20140120,301523785,117846810,164389088,139233405,103985798,179886396,1,20,0,1.7235,6.46,3.9511,,,
20140121,312028349,259973410,194979118,110203644,113254499,133342747,2,21,0,1.6958,6.423,4.32,,,
20140122,337095722,176724296,114905112,115536959,77073258,212312830,3,22,0,1.6853,6.398,4.286,,,
20140123,462593233,183458941,136931314,121195295,124541441,146764679,4,23,0,1.7491,6.413,4.6,,,
20140124,294368520,332744686,154263565,119859597,115361983,252417542,5,24,0,1.7296,6.422,4.593,,,
20140125,450511317,188651670,107190052,116820618,71718874,101848650,6,25,1,1.6815,6.424,4.604,,,
20140126,349192126,131010888,117846810,80041533,106824899,74663175,7,26,1,1.695,6.434,4.5,,,
20140127,446945594,214348269,259973410,164389088,139233405,103985798,1,27,0,1.6915,6.416,4.058,,,
20140128,715461017,260269121,176724296,194979118,110203644,113254499,2,28,0,1.7398,6.441,3.941,,,
20140129,870587680,256692351,183458941,114905112,115536959,77073258,3,29,0,1.6693,6.432,3.882,,,
20140130,1183825013,274603869,332744686,136931314,121195295,124541441,4,30,0,1.6193,6.36,3.79,,,
20140131,242566772,99811984,188651670,154263565,119859597,115361983,5,31,0,1.609,6.293,3.773,,,
20140201,90124260,29125625,131010888,107190052,116820618,71718874,6,1,1,1.6086,6.253,3.66,,,
20140202,101183694,51483587,214348269,117846810,80041533,106824899,7,2,1,1.6083,6.205,3.617,,,
20140203,86649833,35016210,260269121,259973410,164389088,139233405,1,3,0,1.608,6.158,3.5675,,,
20140204,85303404,92071628,256692351,176724296,194979118,110203644,2,4,0,1.6078,6.085,3.651,,,
20140205,92866528,61618152,274603869,183458941,114905112,115536959,3,5,0,1.6072,6.051,3.69,,,
20140206,162119647,70100225,99811984,332744686,136931314,121195295,4,6,0,1.6069,6.044,3.736,,,
20140207,225661839,89786438,29125625,188651670,154263565,119859597,5,7,0,1.7017,6.096,4.095,,,
20140208,621409043,356235057,51483587,131010888,107190052,116820618,6,8,1,1.6795,6.135,4.2,,,
20140209,315242286,134579390,35016210,214348269,117846810,80041533,7,9,1,1.6792,6.174,4.203,,,
20140210,336607101,143211947,92071628,260269121,259973410,164389088,1,10,0,1.7004,6.225,4.0685,,,
20140211,632298767,418611061,61618152,256692351,176724296,194979118,2,11,0,1.677,6.263,4.1,,,
20140212,670470102,315239225,70100225,274603869,183458941,114905112,3,12,0,1.6702,6.298,4,,,
20140213,551106906,425221290,89786438,99811984,332744686,136931314,4,13,0,1.6705,6.334,3.94,,,
20140214,461212821,301079648,356235057,29125625,188651670,154263565,5,14,0,1.661,6.311,3.877,,,
20140215,522331058,233371566,134579390,51483587,131010888,107190052,6,15,1,1.6566,6.298,3.861,,,
20140216,305214647,110240413,143211947,35016210,214348269,117846810,7,16,1,1.6563,6.286,3.716,,,
20140217,361250311,139432186,418611061,92071628,260269121,259973410,1,17,0,1.6526,6.259,3.931,,,
20140218,675485671,314699059,315239225,61618152,256692351,176724296,2,18,0,1.6433,6.241,3.878,,,
20140219,422741202,246229299,425221290,70100225,274603869,183458941,3,19,0,1.6337,6.22,3.984,,,
20140220,642931201,247608257,301079648,89786438,99811984,332744686,4,20,0,1.6358,6.201,4.161,,,
20140221,527167832,276717727,233371566,356235057,29125625,188651670,5,21,0,1.6282,6.183,4.159,,,
20140222,394746918,206572952,110240413,134579390,51483587,131010888,6,22,1,1.6247,6.165,4.381,,,
20140223,235659822,129881807,139432186,143211947,35016210,214348269,7,23,1,1.6238,6.147,4.719,,,
20140224,308396249,237023147,314699059,418611061,92071628,260269121,1,24,0,1.6323,6.136,4.814,,,
20140225,595170010,326481227,246229299,315239225,61618152,256692351,2,25,0,1.6039,6.114,5.058,,,
20140226,713994252,349836501,247608257,425221290,70100225,274603869,3,26,0,1.596,6.093,4.941,,,
20140227,486006154,476270827,276717727,301079648,89786438,99811984,4,27,0,1.5792,6.062,4.972,,,
20140228,537812517,660825256,206572952,233371566,356235057,29125625,5,28,0,1.572,6.031,5.233,,,
20140301,420504763,282310184,129881807,110240413,134579390,51483587,6,1,1,1.5698,6.001,5.435,,,
20140302,215356482,148429245,237023147,139432186,143211947,35016210,7,2,1,1.5695,5.971,5.526,,,
20140303,275779265,163786963,326481227,314699059,418611061,92071628,1,3,0,1.5559,5.928,5.638,,,
20140304,523895828,360144530,349836501,246229299,315239225,61618152,2,4,0,1.5429,5.895,5.492,,,
20140305,521644375,278261421,476270827,247608257,425221290,70100225,3,5,0,1.5411,5.864,5.035,,,
20140306,497668868,275381156,660825256,276717727,301079648,89786438,4,6,0,1.5259,5.835,5.012,,,
20140307,495755683,366030834,282310184,206572952,233371566,356235057,5,7,0,1.517,5.805,5.004,,,
20140308,492623841,274009352,148429245,129881807,110240413,134579390,6,8,1,1.5148,5.774,5.001,,,
20140309,215355021,157996615,163786963,237023147,139432186,143211947,7,9,1,1.5145,5.744,4.891,,,
20140310,296559440,169872578,360144530,326481227,314699059,418611061,1,10,0,1.5048,5.716,4.132,,,
20140311,533357693,296534165,278261421,349836501,246229299,315239225,2,11,0,1.4965,5.69,4.063,,,
20140312,488913889,267437055,275381156,476270827,247608257,425221290,3,12,0,1.4997,5.668,4.047,,,
20140313,317050657,298538230,366030834,660825256,276717727,301079648,4,13,0,1.4878,5.647,4.046,,,
20140314,438410772,255918695,274009352,282310184,206572952,233371566,5,14,0,1.4831,5.628,4.1,,,
20140315,319556555,270497983,157996615,148429245,129881807,110240413,6,15,1,1.4818,5.61,4.1545,,,
20140316,201137958,242196362,169872578,163786963,237023147,139432186,7,16,1,1.4816,5.592,4.163,,,
20140317,219592025,188184766,296534165,360144530,326481227,314699059,1,17,0,1.4628,5.568,4.313,,,
20140318,411958428,420064650,267437055,278261421,349836501,246229299,2,18,0,1.4726,5.555,4.417,,,
20140319,302616910,341931886,298538230,275381156,476270827,247608257,3,19,0,1.4786,5.544,4.492,,,
20140320,295342178,414884867,255918695,366030834,660825256,276717727,4,20,0,1.4772,5.538,4.588,,,
20140321,302584612,304013906,270497983,274009352,282310184,206572952,5,21,0,1.4787,5.535,4.73,,,
20140322,274386390,280963645,242196362,157996615,148429245,129881807,6,22,1,1.4638,5.526,5.03,,,
20140323,145506447,200897470,188184766,169872578,163786963,237023147,7,23,1,1.4636,5.516,5.115,,,
20140324,167604758,160853972,420064650,296534165,360144530,326481227,1,24,0,1.4542,5.511,5.271,,,
20140325,330726069,318658552,341931886,267437055,278261421,349836501,2,25,0,1.446,5.496,5.278,,,
20140326,337425152,362444778,414884867,298538230,275381156,476270827,3,26,0,1.4345,5.472,4.95,,,
20140327,426653122,257938486,304013906,255918695,366030834,660825256,4,27,0,1.4273,5.445,4.398,,,
20140328,266160879,326543305,280963645,270497983,274009352,282310184,5,28,0,1.4255,5.415,4.141,,,
20140329,223771699,372161003,200897470,242196362,157996615,148429245,6,29,1,1.4259,5.395,4.144,,,
20140330,194925803,138171183,160853972,188184766,169872578,163786963,7,30,1,1.4257,5.374,4.2,,,
20140331,161565264,256893459,318658552,420064650,296534165,360144530,1,31,0,1.431,5.361,4.21,,,
20140401,377931423,497687416,362444778,341931886,267437055,278261421,2,1,0,1.4368,5.356,4.105,1,0.0333333333,0.4
20140402,424784984,280407782,257938486,414884867,298538230,275381156,3,2,0,1.437,5.357,4.056,1,0.0666666667,0.6
20140403,418550858,234601543,326543305,304013906,255918695,366030834,4,3,0,1.4364,5.362,4.104,1,0.1,0.8
20140404,301858010,259172151,372161003,280963645,270497983,274009352,5,4,0,1.4338,5.367,4.161,1,0.1333333333,1
20140405,235574221,171218775,138171183,200897470,242196362,157996615,6,5,1,1.4318,5.37,4.101,0,0.1666666667,0.3333333333
20140406,171320519,130175071,256893459,160853972,188184766,169872578,7,6,1,1.4314,5.373,4.166,0,0.2,0.6666666667
20140407,132973045,86148848,497687416,318658552,420064650,296534165,1,7,0,1.4312,5.373,4.154,0,0.2333333333,1
20140408,237413785,151211943,280407782,362444778,341931886,267437055,2,8,0,1.4263,5.368,4.22,1,0.2666666667,0.25
20140409,360613734,241500693,234601543,257938486,414884867,298538230,3,9,0,1.4239,5.36,4.233,1,0.3,0.5
20140410,465391689,301919971,259172151,326543305,304013906,255918695,4,10,0,1.4202,5.351,4.174,1,0.3333333333,0.75
20140411,325897532,292651452,171218775,372161003,280963645,270497983,5,11,0,1.4106,5.339,4.31,1,0.3666666667,1
20140412,275556141,263431235,130175071,138171183,200897470,242196362,6,12,1,1.4099,5.327,4.363,0,0.4,0.5
20140413,198643801,177456118,86148848,256893459,160853972,188184766,7,13,1,1.4097,5.315,4.286,0,0.4333333333,1
20140414,202424482,199455537,151211943,497687416,318658552,420064650,1,14,0,1.4048,5.3,4.238,1,0.4666666667,0.2
20140415,359340606,315904149,241500693,280407782,362444778,341931886,2,15,0,1.4022,5.287,4.2039,1,0.5,0.4
20140416,337278983,333481946,301919971,234601543,257938486,414884867,3,16,0,1.3958,5.272,4.199,1,0.5333333333,0.6
20140417,344518277,258644563,292651452,259172151,326543305,304013906,4,17,0,1.3866,5.253,4.2,1,0.5666666667,0.8
20140418,268273324,259158950,263431235,171218775,372161003,280963645,5,18,0,1.3841,5.239,4.178,1,0.6,1
20140419,297030419,212558260,177456118,130175071,138171183,200897470,6,19,1,1.3835,5.224,4.133,0,0.6333333333,0.5
20140420,131860659,161932743,199455537,86148848,256893459,160853972,7,20,1,1.383,5.21,4.114,0,0.6666666667,1
20140421,161634908,175154181,315904149,151211943,497687416,318658552,1,21,0,1.3866,5.2,4.114,1,0.7,0.2
20140422,381369739,416482875,333481946,241500693,280407782,362444778,2,22,0,1.3813,5.188,4.114,1,0.7333333333,0.4
20140423,268322472,329994810,258644563,301919971,234601543,257938486,3,23,0,1.3654,5.171,4.114,1,0.7666666667,0.6
20140424,262963640,289670313,259158950,292651452,259172151,326543305,4,24,0,1.3515,5.152,4.114,1,0.8,0.8
20140425,203798291,348965167,212558260,263431235,171218775,372161003,5,25,0,1.344,5.13,4.114,1,0.8333333333,1
20140426,320373050,231507912,161932743,177456118,130175071,138171183,6,26,1,1.3441,5.109,4.114,0,0.8666666667,0.5
20140427,184640194,110439209,175154181,199455537,86148848,256893459,7,27,1,1.3439,5.087,4.114,0,0.9,1
20140428,167611543,241292798,416482875,315904149,151211943,497687416,1,28,0,1.3506,5.067,4.114,1,0.9333333333,0.3333333333
20140429,285236269,413667536,329994810,333481946,241500693,280407782,2,29,0,1.346,5.048,4.114,1,0.9666666667,0.6666666667
20140430,303772841,340918574,289670313,258644563,301919971,234601543,3,30,0,1.3511,5.04,4.114,1,1,1
20140501,232262878,274590040,348965167,259158950,292651452,259172151,4,1,0,1.3364,5.032,4.114,0,0.0322580645,0.3333333333
20140502,197451051,113440731,231507912,212558260,263431235,171218775,5,2,0,1.3362,5.028,4.114,0,0.064516129,0.6666666667
20140503,129869154,103269793,110439209,161932743,177456118,130175071,6,3,1,1.3361,5.023,4.114,0,0.0967741935,1
20140504,229609301,174430184,241292798,175154181,199455537,86148848,7,4,1,1.3543,5.029,4.114,1,0.1290322581,0.1666666667
20140505,297192156,282088123,413667536,416482875,315904149,151211943,1,5,0,1.3378,5.022,4.114,1,0.1612903226,0.3333333333
20140506,425987710,324920452,340918574,329994810,333481946,241500693,2,6,0,1.3831,5.042,4.114,1,0.1935483871,0.5
20140507,323536443,295986647,274590040,289670313,258644563,301919971,3,7,0,1.3393,5.036,4.114,1,0.2258064516,0.6666666667
20140508,406395515,221742769,113440731,348965167,259158950,292651452,4,8,0,1.3221,5.028,4.114,1,0.2580645161,0.8333333333
20140509,353562072,267751934,103269793,231507912,212558260,263431235,5,9,0,1.3244,5.022,4.114,1,0.2903225806,1
20140510,265472393,158473997,174430184,110439209,161932743,177456118,6,10,1,1.3117,5.008,4.114,0,0.3225806452,0.5
20140511,227672886,258495276,282088123,241292798,175154181,199455537,7,11,1,1.3115,4.985,4.114,0,0.3548387097,1
20140512,208480221,142970887,324920452,413667536,416482875,315904149,1,12,0,1.3083,4.969,4.114,1,0.3870967742,0.2
20140513,285228437,338432936,295986647,340918574,329994810,333481946,2,13,0,1.3022,4.924,4.114,1,0.4193548387,0.4
20140514,362372059,250343867,221742769,274590040,289670313,258644563,3,14,0,1.2986,4.902,4.114,1,0.4516129032,0.6
20140515,290208996,297491596,267751934,113440731,348965167,259158950,4,15,0,1.2971,4.888,4.114,1,0.4838709677,0.8
20140516,303286621,435249186,158473997,103269793,231507912,212558260,5,16,0,1.2986,4.874,4.114,1,0.5161290323,1
20140517,254644568,200510199,258495276,174430184,110439209,161932743,6,17,1,1.2818,4.858,4.114,0,0.5483870968,0.5
20140518,116291491,179594252,142970887,282088123,241292798,175154181,7,18,1,1.2816,4.842,4.114,0,0.5806451613,1
20140519,161097108,145479624,338432936,324920452,413667536,416482875,1,19,0,1.3283,4.853,4.114,1,0.6129032258,0.2
20140520,347718384,422101826,250343867,295986647,340918574,329994810,2,20,0,1.3308,4.868,4.114,1,0.6451612903,0.4
20140521,286615315,197106347,297491596,221742769,274590040,289670313,3,21,0,1.323,4.882,4.114,1,0.6774193548,0.6
20140522,241015636,292385050,435249186,267751934,113440731,348965167,4,22,0,1.2887,4.877,4.114,1,0.7096774194,0.8
20140523,273390048,295631432,200510199,158473997,103269793,231507912,5,23,0,1.281,4.867,4.114,1,0.7419354839,1
20140524,200156003,223981714,179594252,258495276,174430184,110439209,6,24,1,1.2488,4.849,4.114,0,0.7741935484,0.5
20140525,141641047,233305829,145479624,142970887,282088123,241292798,7,25,1,1.2486,4.831,4.114,0,0.8064516129,1
20140526,169866612,147245163,422101826,338432936,324920452,413667536,1,26,0,1.249,4.788,4.114,1,0.8387096774,0.2
20140527,266803815,415178334,197106347,250343867,295986647,340918574,2,27,0,1.2548,4.746,4.114,1,0.8709677419,0.4
20140528,249676185,369000169,292385050,297491596,221742769,274590040,3,28,0,1.2597,4.712,4.114,1,0.9032258065,0.6
20140529,268930576,381785376,295631432,435249186,267751934,113440731,4,29,0,1.2381,4.684,4.114,1,0.935483871,0.8
20140530,339227554,402129748,223981714,200510199,158473997,103269793,5,30,0,1.279,4.683,4.114,1,0.9677419355,1
20140531,248860973,276489019,233305829,179594252,258495276,174430184,6,31,1,1.2376,4.677,4.114,0,1,0.3333333333
20140601,128370165,153225467,147245163,145479624,142970887,282088123,7,1,1,1.2364,4.67,4.114,0,0.0333333333,0.6666666667
20140602,143942297,111076626,415178334,422101826,338432936,324920452,1,2,0,1.2305,4.66,4.114,0,0.0666666667,1
20140603,176770324,157408750,369000169,197106347,250343867,295986647,2,3,0,1.2473,4.656,4.114,1,0.1,0.25
20140604,285424724,372184784,381785376,292385050,297491596,221742769,3,4,0,1.2611,4.657,4.114,1,0.1333333333,0.5
20140605,275697613,327061084,402129748,295631432,435249186,267751934,4,5,0,1.2818,4.681,4.114,1,0.1666666667,0.75
20140606,309000179,302841375,276489019,223981714,200510199,158473997,5,6,0,1.2476,4.664,4.114,1,0.2,1
20140607,255880246,217295228,153225467,233305829,179594252,258495276,6,7,1,1.2474,4.669,4.114,0,0.2333333333,0.5
20140608,155141863,206165504,111076626,147245163,145479624,142970887,7,8,1,1.2473,4.675,4.114,0,0.2666666667,1
20140609,181144835,180076832,157408750,415178334,422101826,338432936,1,9,0,1.2719,4.698,4.114,1,0.3,0.2
20140610,442360742,241085611,372184784,369000169,197106347,250343867,2,10,0,1.2628,4.706,4.114,1,0.3333333333,0.4
20140611,389636668,282137606,327061084,381785376,292385050,297491596,3,11,0,1.2723,4.712,4.114,1,0.3666666667,0.6
20140612,311384505,277431859,302841375,402129748,295631432,435249186,4,12,0,1.2625,4.702,4.114,1,0.4,0.8
20140613,267188252,256164551,217295228,276489019,223981714,200510199,5,13,0,1.2801,4.719,4.114,1,0.4333333333,1
20140614,256177180,284281673,206165504,153225467,233305829,179594252,6,14,1,1.2678,4.73,4.114,0,0.4666666667,0.5
20140615,148539864,289810759,180076832,111076626,147245163,145479624,7,15,1,1.2677,4.742,4.114,0,0.5,1
20140616,201999390,217992393,241085611,157408750,415178334,422101826,1,16,0,1.2581,4.734,4.114,1,0.5333333333,0.2
20140617,336917078,383963086,282137606,372184784,369000169,197106347,2,17,0,1.2436,4.724,4.114,1,0.5666666667,0.4
20140618,324524255,331341050,277431859,327061084,381785376,292385050,3,18,0,1.2244,4.697,4.114,1,0.6,0.6
20140619,266480068,358972950,256164551,302841375,402129748,295631432,4,19,0,1.193,4.66,4.114,1,0.6333333333,0.8
20140620,282577514,322086055,284281673,217295228,276489019,223981714,5,20,0,1.2332,4.634,4.114,1,0.6666666667,1
20140621,226974141,333222993,289810759,206165504,153225467,233305829,6,21,1,1.1774,4.585,4.114,0,0.7,0.5
20140622,186364721,169065467,217992393,180076832,111076626,147245163,7,22,1,1.1773,4.535,4.114,0,0.7333333333,1
20140623,143403001,232029485,383963086,241085611,157408750,415178334,1,23,0,1.1818,4.494,4.114,1,0.7666666667,0.2
20140624,304220528,444554691,331341050,282137606,372184784,369000169,2,24,0,1.1875,4.463,4.114,1,0.8,0.4
20140625,298405851,342707532,358972950,277431859,327061084,381785376,3,25,0,1.1376,4.416,4.114,1,0.8333333333,0.6
20140626,271335080,319358448,322086055,256164551,302841375,402129748,4,26,0,1.1175,4.375,4.114,1,0.8666666667,0.8
20140627,223576983,498151313,333222993,284281673,217295228,276489019,5,27,0,1.1403,4.324,4.114,1,0.9,1
20140628,186455771,307276813,169065467,289810759,206165504,153225467,6,28,1,1.1247,4.296,4.114,0,0.9333333333,0.5
20140629,181197896,199382031,232029485,217992393,180076832,111076626,7,29,1,1.1245,4.267,4.114,0,0.9666666667,1
20140630,171945311,238934317,444554691,383963086,241085611,157408750,1,30,0,1.1234,4.235,4.114,1,1,0.2
20140701,331665096,425796747,342707532,331341050,282137606,372184784,2,1,0,1.1619,4.221,4.114,1,0.0322580645,0.4
20140702,379361211,358485374,319358448,358972950,277431859,327061084,3,2,0,1.1374,4.221,4.114,1,0.064516129,0.6
20140703,301263008,364268994,498151313,322086055,256164551,302841375,4,3,0,1.1345,4.23,4.114,1,0.0967741935,0.8
20140704,205360896,257959811,307276813,333222993,284281673,217295228,5,4,0,1.1211,4.22,4.114,1,0.1290322581,1
20140705,221546458,253548445,199382031,169065467,289810759,206165504,6,5,1,1.121,4.218,4.114,0,0.1612903226,0.5
20140706,162447667,168602028,238934317,232029485,217992393,180076832,7,6,1,1.1209,4.216,4.114,0,0.1935483871,1
20140707,163090528,250453540,425796747,444554691,383963086,241085611,1,7,0,1.1216,4.215,4.114,1,0.2258064516,0.2
20140708,330300280,332660498,358485374,342707532,331341050,282137606,2,8,0,1.1183,4.191,4.114,1,0.2580645161,0.4
20140709,237821679,363952447,364268994,319358448,358972950,277431859,3,9,0,1.1169,4.18,4.114,1,0.2903225806,0.6
20140710,254180106,308883169,257959811,498151313,322086055,256164551,4,10,0,1.1305,4.178,4.114,1,0.3225806452,0.8
20140711,277110154,322207184,253548445,307276813,333222993,284281673,5,11,0,1.12,4.177,4.114,1,0.3548387097,1
20140712,233743113,266630674,168602028,199382031,169065467,289810759,6,12,1,1.113,4.173,4.114,0,0.3870967742,0.5
20140713,149584303,173485119,250453540,238934317,232029485,217992393,7,13,1,1.1125,4.169,4.114,0,0.4193548387,1
20140714,142610813,218339981,332660498,425796747,444554691,383963086,1,14,0,1.1284,4.172,4.114,1,0.4516129032,0.2
20140715,246080213,272164963,363952447,358485374,342707532,331341050,2,15,0,1.1341,4.181,4.114,1,0.4838709677,0.4
20140716,299355385,369452520,308883169,364268994,319358448,358972950,3,16,0,1.1377,4.192,4.114,1,0.5161290323,0.6
20140717,277080654,278415089,322207184,257959811,498151313,322086055,4,17,0,1.1133,4.183,4.114,1,0.5483870968,0.8
20140718,254493213,204597291,266630674,253548445,307276813,333222993,5,18,0,1.1215,4.184,4.114,1,0.5806451613,1
20140719,191967546,162854740,173485119,168602028,199382031,169065467,6,19,1,1.1131,4.184,4.114,0,0.6129032258,0.5
20140720,153934641,122809272,218339981,250453540,238934317,232029485,7,20,1,1.1129,4.184,4.114,0,0.6451612903,1
20140721,174324225,157986108,272164963,332660498,425796747,444554691,1,21,0,1.1428,4.192,4.114,1,0.6774193548,0.2
20140722,241509367,325273684,369452520,363952447,358485374,342707532,2,22,0,1.1166,4.182,4.114,1,0.7096774194,0.4
20140723,222479621,307691465,278415089,308883169,364268994,319358448,3,23,0,1.1266,4.176,4.114,1,0.7419354839,0.6
20140724,281820273,289004852,204597291,322207184,257959811,498151313,4,24,0,1.1215,4.181,4.114,1,0.7741935484,0.8
20140725,257332381,284291000,162854740,266630674,253548445,307276813,5,25,0,1.1244,4.182,4.114,1,0.8064516129,1
20140726,203397102,233005216,122809272,173485119,168602028,199382031,6,26,1,1.1221,4.187,4.114,0,0.8387096774,0.5
20140727,198457820,152163398,157986108,218339981,250453540,238934317,7,27,1,1.122,4.192,4.114,0,0.8709677419,1
20140728,162389176,281734449,325273684,272164963,332660498,425796747,1,28,0,1.1276,4.184,4.114,1,0.9032258065,0.2
20140729,253136439,393656353,307691465,369452520,363952447,358485374,2,29,0,1.1156,4.183,4.114,1,0.935483871,0.4
20140730,325692942,185509598,289004852,278415089,308883169,364268994,3,30,0,1.1162,4.178,4.114,1,0.9677419355,0.6
20140731,239088792,278053927,284291000,204597291,322207184,257959811,4,31,0,1.1156,4.174,4.114,1,1,0.8
20140801,228056623,269628521,233005216,162854740,266630674,253548445,5,1,0,1.1173,4.171,4.114,1,0.0322580645,1
20140802,378242546,282593743,152163398,122809272,173485119,168602028,6,2,1,1.118,4.168,4.114,0,0.064516129,0.5
20140803,152120792,162090956,281734449,157986108,218339981,250453540,7,3,1,1.1178,4.166,4.114,0,0.0967741935,1
20140804,154077981,121165959,393656353,325273684,272164963,332660498,1,4,0,1.1451,4.176,4.114,1,0.1290322581,0.2
20140805,254890053,248676024,185509598,307691465,369452520,363952447,2,5,0,1.1203,4.178,4.114,1,0.1612903226,0.4
20140806,311680953,278473251,278053927,289004852,278415089,308883169,3,6,0,1.1162,4.178,4.114,1,0.1935483871,0.6
20140807,269143684,247713799,269628521,284291000,204597291,322207184,4,7,0,1.1186,4.18,4.114,1,0.2258064516,0.8
20140808,256485155,283816788,282593743,233005216,162854740,266630674,5,8,0,1.1397,4.192,4.114,1,0.2580645161,1
20140809,228097887,204391027,162090956,152163398,122809272,173485119,6,9,1,1.1173,4.191,4.114,0,0.2903225806,0.5
20140810,146751994,143619719,121165959,281734449,157986108,218339981,7,10,1,1.1172,4.191,4.114,0,0.3225806452,1
20140811,164174384,223625820,248676024,393656353,325273684,272164963,1,11,0,1.1235,4.179,4.114,1,0.3548387097,0.2
20140812,284695009,385895199,278473251,185509598,307691465,369452520,2,12,0,1.1146,4.176,4.114,1,0.3870967742,0.4
20140813,260705801,254258310,247713799,278053927,289004852,278415089,3,13,0,1.1138,4.175,4.114,1,0.4193548387,0.6
20140814,262139305,308734578,283816788,269628521,284291000,204597291,4,14,0,1.1367,4.185,4.114,1,0.4516129032,0.8
20140815,248894735,252702796,204391027,282593743,233005216,162854740,5,15,0,1.1129,4.17,4.114,1,0.4838709677,1
20140816,268968079,221094668,143619719,162090956,152163398,122809272,6,16,1,1.1128,4.168,4.114,0,0.5161290323,0.5
20140817,158553438,158797400,223625820,121165959,281734449,157986108,7,17,1,1.1126,4.165,4.114,0,0.5483870968,1
20140818,161198309,194379633,385895199,248676024,393656353,325273684,1,18,0,1.1122,4.159,4.114,1,0.5806451613,0.2
20140819,280533543,385940924,254258310,278473251,185509598,307691465,2,19,0,1.122,4.163,4.114,1,0.6129032258,0.4
20140820,236052637,247704409,308734578,247713799,278053927,289004852,3,20,0,1.124,4.169,4.114,1,0.6451612903,0.6
20140821,209205785,244720592,252702796,283816788,269628521,284291000,4,21,0,1.1168,4.158,4.114,1,0.6774193548,0.8
20140822,234392568,185570807,221094668,204391027,282593743,233005216,5,22,0,1.104,4.153,4.114,1,0.7096774194,1
20140823,182566127,232911054,158797400,143619719,162090956,152163398,6,23,1,1.0997,4.146,4.114,0,0.7419354839,0.5
20140824,154613502,196780196,194379633,223625820,121165959,281734449,7,24,1,1.0993,4.139,4.114,0,0.7741935484,1
20140825,134164401,209908787,385940924,385895199,248676024,393656353,1,25,0,1.1122,4.139,4.114,1,0.8064516129,0.2
20140826,283116043,264492485,247704409,254258310,278473251,185509598,2,26,0,1.1085,4.131,4.114,1,0.8387096774,0.4
20140827,241046273,271225580,244720592,308734578,247713799,278053927,3,27,0,1.1079,4.123,4.114,1,0.8709677419,0.6
20140828,227515169,345649378,185570807,252702796,283816788,269628521,4,28,0,1.1043,4.116,4.114,1,0.9032258065,0.8
20140829,240376956,327274182,232911054,221094668,204391027,282593743,5,29,0,1.1169,4.123,4.114,1,0.935483871,1
20140830,214114844,359195182,196780196,158797400,143619719,162090956,6,30,1,1.1206,4.134,4.114,0,0.9677419355,0.5
20140831,183547267,201759798,209908787,194379633,223625820,121165959,7,31,1,1.1204,4.146,4.114,0,1,1
