report_date,yesterday_redeem,week1_redeem,week2_redeem,week3_redeem,week4_redeem,MON,TUE,WED,THU,FRI,SAT,SUN,dayofmonth_percent,shouldwork,yesterday_purchase,relative_days
20130701,,,,,,1,0,0,0,0,0,0,,,,0
20130702,5525022,,,,,0,1,0,0,0,0,0,,,32488348,0
20130703,2554548,,,,,0,0,1,0,0,0,0,,,29037390,0
20130704,5953867,,,,,0,0,0,1,0,0,0,,,27270770,0
20130705,6410729,,,,,0,0,0,0,1,0,0,,,18321185,0
20130706,2763587,,,,,0,0,0,0,0,1,0,,,11648749,0
20130707,1616635,,,,,0,0,0,0,0,0,1,,,36751272,0
20130708,3982735,5525022,,,,1,0,0,0,0,0,0,,,8962232,1
20130709,8347729,2554548,,,,0,1,0,0,0,0,0,,,57258266,1
20130710,3473059,5953867,,,,0,0,1,0,0,0,0,,,26798941,1
20130711,2597169,6410729,,,,0,0,0,1,0,0,0,,,30696506,1
20130712,3508800,2763587,,,,0,0,0,0,1,0,0,,,44075197,1
20130713,8492573,1616635,,,,0,0,0,0,0,1,0,,,34183904,1
20130714,3482829,3982735,,,,0,0,0,0,0,0,1,,,15164717,1
20130715,2784107,8347729,5525022,,,1,0,0,0,0,0,0,,,22615303,2
20130716,13107943,3473059,2554548,,,0,1,0,0,0,0,0,,,48128555,2
20130717,11864981,2597169,5953867,,,0,0,1,0,0,0,0,,,50622847,2
20130718,10911513,3508800,6410729,,,0,0,0,1,0,0,0,,,29015682,2
20130719,11765356,8492573,2763587,,,0,0,0,0,1,0,0,,,24234505,2
20130720,9244769,3482829,1616635,,,0,0,0,0,0,1,0,,,33680124,2
20130721,4601143,2784107,3982735,,,0,0,0,0,0,0,1,,,20439079,2
20130722,2681331,13107943,8347729,5525022,,1,0,0,0,0,0,0,,,21142394,3
20130723,19144267,11864981,3473059,2554548,,0,1,0,0,0,0,0,,,40448896,3
20130724,24404051,10911513,2597169,5953867,,0,0,1,0,0,0,0,,,58136147,3
20130725,36258592,11765356,3508800,6410729,,0,0,0,1,0,0,0,,,48422518,3
20130726,38212836,9244769,8492573,2763587,,0,0,0,0,1,0,0,,,57433418,3
20130727,39192369,4601143,3482829,1616635,,0,0,0,0,0,1,0,,,44721817,3
20130728,15058893,2681331,2784107,3982735,,0,0,0,0,0,0,1,,,17194451,3
20130729,7683211,19144267,13107943,8347729,5525022,1,0,0,0,0,0,0,,,36255382,4
20130730,18599364,24404051,11864981,3473059,2554548,0,1,0,0,0,0,0,,,53512076,4
20130731,13048582,36258592,10911513,2597169,5953867,0,0,1,0,0,0,0,,,47481243,4
20130801,9534040,38212836,11765356,3508800,6410729,0,0,0,1,0,0,0,,,54569637,4
20130802,18864468,39192369,9244769,8492573,2763587,0,0,0,0,1,0,0,,,53369962,4
20130803,40150769,15058893,4601143,3482829,1616635,0,0,0,0,0,1,0,,,38064536,4
20130804,20701797,7683211,2681331,2784107,3982735,0,0,0,0,0,0,1,,,21595789,4
20130805,8263965,18599364,19144267,13107943,8347729,1,0,0,0,0,0,0,,,45745254,5
20130806,15797507,13048582,24404051,11864981,3473059,0,1,0,0,0,0,0,,,43632203,5
20130807,16401387,9534040,36258592,10911513,2597169,0,0,1,0,0,0,0,,,50866184,5
20130808,29708706,18864468,38212836,11765356,3508800,0,0,0,1,0,0,0,,,43908081,5
20130809,29551691,40150769,39192369,9244769,8492573,0,0,0,0,1,0,0,,,44493490,5
20130810,30131015,20701797,15058893,4601143,3482829,0,0,0,0,0,1,0,,,33425186,5
20130811,26614408,8263965,7683211,2681331,2784107,0,0,0,0,0,0,1,,,20615307,5
20130812,15372680,15797507,18599364,19144267,13107943,1,0,0,0,0,0,0,,,55519543,6
20130813,28586669,16401387,13048582,24404051,11864981,0,1,0,0,0,0,0,,,94520502,6
20130814,28790328,29708706,9534040,36258592,10911513,0,0,1,0,0,0,0,,,48720919,6
20130815,15031683,29551691,18864468,38212836,11765356,0,0,0,1,0,0,0,,,30541167,6
20130816,52659327,30131015,40150769,39192369,9244769,0,0,0,0,1,0,0,,,42421222,6
20130817,33739844,26614408,20701797,15058893,4601143,0,0,0,0,0,1,0,,,41683536,6
20130818,4674983,15372680,8263965,7683211,2681331,0,0,0,0,0,0,1,,,17670519,6
20130819,15218300,28586669,15797507,18599364,19144267,1,0,0,0,0,0,0,,,59703092,7
20130820,28339260,28790328,16401387,13048582,24404051,0,1,0,0,0,0,0,,,109184209,7
20130821,30131225,15031683,29708706,9534040,36258592,0,0,1,0,0,0,0,,,53675509,7
20130822,29983342,52659327,29551691,18864468,38212836,0,0,0,1,0,0,0,,,38184446,7
20130823,25000672,33739844,30131015,40150769,39192369,0,0,0,0,1,0,0,,,89130737,7
20130824,25680323,4674983,26614408,20701797,15058893,0,0,0,0,0,1,0,,,37878575,7
20130825,14316598,15218300,15372680,8263965,7683211,0,0,0,0,0,0,1,,,44367268,7
20130826,18117808,28339260,28586669,15797507,18599364,1,0,0,0,0,0,0,,,43306288,8
20130827,20637986,30131225,28790328,16401387,13048582,0,1,0,0,0,0,0,,,74496541,8
20130828,60137633,29983342,15031683,29708706,9534040,0,0,1,0,0,0,0,,,45268028,8
20130829,33696861,25000672,52659327,29551691,18864468,0,0,0,1,0,0,0,,,46602319,8
20130830,35944968,25680323,33739844,30131015,40150769,0,0,0,0,1,0,0,,,47518666,8
20130831,20630752,14316598,4674983,26614408,20701797,0,0,0,0,0,1,0,,,56488844,8
20130901,22012016,18117808,15218300,15372680,8263965,0,0,0,0,0,0,1,,,47655303,8
20130902,59339949,20637986,28339260,28586669,15797507,1,0,0,0,0,0,0,,,56239802,9
20130903,17785524,60137633,30131225,28790328,16401387,0,1,0,0,0,0,0,,,140844739,9
20130904,39328144,33696861,29983342,15031683,29708706,0,0,1,0,0,0,0,,,80507880,9
20130905,27452600,35944968,25000672,52659327,29551691,0,0,0,1,0,0,0,,,33366708,9
20130906,21800904,20630752,25680323,33739844,30131015,0,0,0,0,1,0,0,,,38716505,9
20130907,33417903,22012016,14316598,4674983,26614408,0,0,0,0,0,1,0,,,38923186,9
20130908,20344424,59339949,18117808,15218300,15372680,0,0,0,0,0,0,1,,,34076183,9
20130909,14919122,17785524,20637986,28339260,28586669,1,0,0,0,0,0,0,,,38796909,10
20130910,45621186,39328144,60137633,30131225,28790328,0,1,0,0,0,0,0,,,49312473,10
20130911,37128363,27452600,33696861,29983342,15031683,0,0,1,0,0,0,0,,,94684143,10
20130912,71674082,21800904,35944968,25000672,52659327,0,0,0,1,0,0,0,,,98944459,10
20130913,45147220,33417903,20630752,25680323,33739844,0,0,0,0,1,0,0,,,68573684,10
20130914,60512675,20344424,22012016,14316598,4674983,0,0,0,0,0,1,0,,,71655946,10
20130915,36312660,14919122,59339949,18117808,15218300,0,0,0,0,0,0,1,,,30975443,10
20130916,25020715,45621186,17785524,20637986,28339260,1,0,0,0,0,0,0,,,37059683,11
20130917,45184589,37128363,39328144,60137633,30131225,0,1,0,0,0,0,0,,,161656210,11
20130918,58260798,71674082,27452600,33696861,29983342,0,0,1,0,0,0,0,,,76204815,11
20130919,47203221,45147220,21800904,35944968,25000672,0,0,0,1,0,0,0,,,42926608,11
20130920,11418512,60512675,33417903,20630752,25680323,0,0,0,0,1,0,0,,,24778048,11
20130921,15188254,36312660,20344424,22012016,14316598,0,0,0,0,0,1,0,,,28365762,11
20130922,26596179,25020715,14919122,59339949,18117808,0,0,0,0,0,0,1,,,32406340,11
20130923,47962055,45184589,45621186,17785524,20637986,1,0,0,0,0,0,0,,,67514169,12
20130924,58285879,58260798,37128363,39328144,60137633,0,1,0,0,0,0,0,,,54658160,12
20130925,56680792,47203221,71674082,27452600,33696861,0,0,1,0,0,0,0,,,74250859,12
20130926,74838162,11418512,45147220,21800904,35944968,0,0,0,1,0,0,0,,,47274168,12
20130927,48467529,15188254,60512675,33417903,20630752,0,0,0,0,1,0,0,,,68718693,12
20130928,27639603,26596179,36312660,20344424,22012016,0,0,0,0,0,1,0,,,42166121,12
20130929,58105720,47962055,25020715,14919122,59339949,0,0,0,0,0,0,1,,,39995798,12
20130930,40295202,58285879,45184589,45621186,17785524,1,0,0,0,0,0,0,,,34433848,13
20131001,30181353,56680792,58260798,37128363,39328144,0,1,0,0,0,0,0,,,28398050,13
20131002,12813267,74838162,47203221,71674082,27452600,0,0,1,0,0,0,0,,,19137499,13
20131003,7233874,48467529,11418512,45147220,21800904,0,0,0,1,0,0,0,,,11562708,13
20131004,6223263,27639603,15188254,60512675,33417903,0,0,0,0,1,0,0,,,10101194,13
20131005,23412350,58105720,26596179,36312660,20344424,0,0,0,0,0,1,0,,,19907689,13
20131006,13966453,40295202,47962055,25020715,14919122,0,0,0,0,0,0,1,,,26364686,13
20131007,13464528,30181353,58285879,45184589,45621186,1,0,0,0,0,0,0,,,38730653,14
20131008,28894400,12813267,56680792,58260798,37128363,0,1,0,0,0,0,0,,,42797733,14
20131009,77856096,7233874,74838162,47203221,71674082,0,0,1,0,0,0,0,,,109806912,14
20131010,33999376,6223263,48467529,11418512,45147220,0,0,0,1,0,0,0,,,72422299,14
20131011,52244531,23412350,27639603,15188254,60512675,0,0,0,0,1,0,0,,,72094613,14
20131012,27666473,13966453,58105720,26596179,36312660,0,0,0,0,0,1,0,,,82674757,14
20131013,31322983,13464528,40295202,47962055,25020715,0,0,0,0,0,0,1,,,81901136,14
20131014,31850475,28894400,30181353,58285879,45184589,1,0,0,0,0,0,0,,,71149981,15
20131015,40652625,77856096,12813267,56680792,58260798,0,1,0,0,0,0,0,,,130315300,15
20131016,35099198,33999376,7233874,74838162,47203221,0,0,1,0,0,0,0,,,85704304,15
20131017,51261982,52244531,6223263,48467529,11418512,0,0,0,1,0,0,0,,,100948091,15
20131018,23274764,27666473,23412350,27639603,15188254,0,0,0,0,1,0,0,,,87203217,15
20131019,15938355,31322983,13966453,58105720,26596179,0,0,0,0,0,1,0,,,98151450,15
20131020,26684697,31850475,13464528,40295202,47962055,0,0,0,0,0,0,1,,,53148443,15
20131021,50884342,40652625,28894400,30181353,58285879,1,0,0,0,0,0,0,,,47766681,16
20131022,45781403,35099198,77856096,12813267,56680792,0,1,0,0,0,0,0,,,106030290,16
20131023,96172537,51261982,33999376,7233874,74838162,0,0,1,0,0,0,0,,,145611496,16
20131024,73788462,23274764,52244531,6223263,48467529,0,0,0,1,0,0,0,,,106093112,16
20131025,58183921,15938355,27666473,23412350,27639603,0,0,0,0,1,0,0,,,69530830,16
20131026,52225802,26684697,31322983,13966453,58105720,0,0,0,0,0,1,0,,,69936453,16
20131027,49357211,50884342,31850475,13464528,40295202,0,0,0,0,0,0,1,,,55752506,16
20131028,46520570,45781403,40652625,28894400,30181353,1,0,0,0,0,0,0,,,68007543,17
20131029,55089464,96172537,35099198,77856096,12813267,0,1,0,0,0,0,0,,,129993375,17
20131030,43052468,73788462,51261982,33999376,7233874,0,0,1,0,0,0,0,,,102050144,17
20131031,63908701,58183921,23274764,52244531,6223263,0,0,0,1,0,0,0,,,109663260,17
20131101,55607833,52225802,15938355,27666473,23412350,0,0,0,0,1,0,0,,,90926701,17
20131102,66933119,49357211,26684697,31322983,13966453,0,0,0,0,0,1,0,,,150904945,17
20131103,26705506,46520570,50884342,31850475,13464528,0,0,0,0,0,0,1,,,62132300,17
20131104,30895754,55089464,45781403,40652625,28894400,1,0,0,0,0,0,0,,,68707870,18
20131105,130970051,43052468,96172537,35099198,77856096,0,1,0,0,0,0,0,,,300027403,18
20131106,82689864,63908701,73788462,51261982,33999376,0,0,1,0,0,0,0,,,180904814,18
20131107,131707820,55607833,58183921,23274764,52244531,0,0,0,1,0,0,0,,,181474910,18
20131108,83306452,66933119,52225802,15938355,27666473,0,0,0,0,1,0,0,,,167963464,18
20131109,92856307,26705506,49357211,26684697,31322983,0,0,0,0,0,1,0,,,231749471,18
20131110,45885771,30895754,46520570,50884342,31850475,0,0,0,0,0,0,1,,,126467028,18
20131111,85293644,130970051,55089464,45781403,40652625,1,0,0,0,0,0,0,,,164813471,19
20131112,227124951,82689864,43052468,96172537,35099198,0,1,0,0,0,0,0,,,147986439,19
20131113,131263524,131707820,63908701,73788462,51261982,0,0,1,0,0,0,0,,,148469647,19
20131114,79121440,83306452,55607833,58183921,23274764,0,0,0,1,0,0,0,,,174554976,19
20131115,52554150,92856307,66933119,52225802,15938355,0,0,0,0,1,0,0,,,167996058,19
20131116,58210254,45885771,26705506,49357211,26684697,0,0,0,0,0,1,0,,,124270704,19
20131117,28996272,85293644,30895754,46520570,50884342,0,0,0,0,0,0,1,,,118085705,19
20131118,42358155,227124951,130970051,55089464,45781403,1,0,0,0,0,0,0,,,111786622,20
20131119,136916782,131263524,82689864,43052468,96172537,0,1,0,0,0,0,0,,,195766477,20
20131120,70308235,79121440,131707820,63908701,73788462,0,0,1,0,0,0,0,,,131365419,20
20131121,86951218,52554150,83306452,55607833,58183921,0,0,0,1,0,0,0,,,166163002,20
20131122,74733962,58210254,92856307,66933119,52225802,0,0,0,0,1,0,0,,,221166938,20
20131123,82717921,28996272,45885771,26705506,49357211,0,0,0,0,0,1,0,,,128528687,20
20131124,48882131,42358155,85293644,30895754,46520570,0,0,0,0,0,0,1,,,89109018,20
20131125,85555947,136916782,227124951,130970051,55089464,1,0,0,0,0,0,0,,,102394991,21
20131126,70113127,70308235,131263524,82689864,43052468,0,1,0,0,0,0,0,,,147143602,21
20131127,65802983,86951218,79121440,131707820,63908701,0,0,1,0,0,0,0,,,258037702,21
20131128,86129498,74733962,52554150,83306452,55607833,0,0,0,1,0,0,0,,,134774128,21
20131129,61453591,82717921,58210254,92856307,66933119,0,0,0,0,1,0,0,,,139760425,21
20131130,123982166,48882131,28996272,45885771,26705506,0,0,0,0,0,1,0,,,122536344,21
20131201,119660311,85555947,42358155,85293644,30895754,0,0,0,0,0,0,1,,,116865492,21
20131202,94632233,70113127,136916782,227124951,130970051,1,0,0,0,0,0,0,,,137889992,22
20131203,128465086,65802983,70308235,131263524,82689864,0,1,0,0,0,0,0,,,345313258,22
20131204,101662045,86129498,86951218,79121440,131707820,0,0,1,0,0,0,0,,,268666856,22
20131205,69981329,61453591,74733962,52554150,83306452,0,0,0,1,0,0,0,,,219456372,22
20131206,118256819,123982166,82717921,58210254,92856307,0,0,0,0,1,0,0,,,190825287,22
20131207,82625571,119660311,48882131,28996272,45885771,0,0,0,0,0,1,0,,,152197159,22
20131208,71916047,94632233,85555947,42358155,85293644,0,0,0,0,0,0,1,,,138882605,22
20131209,76314292,128465086,70113127,136916782,227124951,1,0,0,0,0,0,0,,,124886903,23
20131210,133355299,101662045,65802983,70308235,131263524,0,1,0,0,0,0,0,,,174652812,23
20131211,147147341,69981329,86129498,86951218,79121440,0,0,1,0,0,0,0,,,179471612,23
20131212,110314592,118256819,61453591,74733962,52554150,0,0,0,1,0,0,0,,,239916977,23
20131213,92090275,82625571,123982166,82717921,58210254,0,0,0,0,1,0,0,,,140360007,23
20131214,90778214,71916047,119660311,48882131,28996272,0,0,0,0,0,1,0,,,164672690,23
20131215,52234651,76314292,94632233,85555947,42358155,0,0,0,0,0,0,1,,,129045596,23
20131216,54757146,133355299,128465086,70113127,136916782,1,0,0,0,0,0,0,,,205882387,24
20131217,156157326,147147341,101662045,65802983,70308235,0,1,0,0,0,0,0,,,196489931,24
20131218,116537843,110314592,69981329,86129498,86951218,0,0,1,0,0,0,0,,,193980797,24
20131219,202220872,92090275,118256819,61453591,74733962,0,0,0,1,0,0,0,,,180215804,24
20131220,164023344,90778214,82625571,123982166,82717921,0,0,0,0,1,0,0,,,233631357,24
20131221,153678963,52234651,71916047,119660311,48882131,0,0,0,0,0,1,0,,,133867400,24
20131222,83151594,54757146,76314292,94632233,85555947,0,0,0,0,0,0,1,,,112000779,24
20131223,83998249,156157326,133355299,128465086,70113127,1,0,0,0,0,0,0,,,154543217,25
20131224,138478245,116537843,147147341,101662045,65802983,0,1,0,0,0,0,0,,,198747367,25
20131225,118607911,202220872,110314592,69981329,86129498,0,0,1,0,0,0,0,,,305406334,25
20131226,172755480,164023344,92090275,118256819,61453591,0,0,0,1,0,0,0,,,380076148,25
20131227,241852564,153678963,90778214,82625571,123982166,0,0,0,0,1,0,0,,,220287409,25
20131228,163522548,83151594,52234651,71916047,119660311,0,0,0,0,0,1,0,,,211118967,25
20131229,61383220,83998249,54757146,76314292,94632233,0,0,0,0,0,0,1,,,192808006,25
20131230,55129989,138478245,156157326,133355299,128465086,1,0,0,0,0,0,0,,,161473347,26
20131231,179826624,118607911,116537843,147147341,101662045,0,1,0,0,0,0,0,,,286358778,26
20140101,134232530,172755480,202220872,110314592,69981329,0,0,1,0,0,0,0,,,265851934,26
20140102,77367755,241852564,164023344,92090275,118256819,0,0,0,1,0,0,0,,,330926565,26
20140103,190155450,163522548,153678963,90778214,82625571,0,0,0,0,1,0,0,,,434956739,26
20140104,127714255,61383220,83151594,52234651,71916047,0,0,0,0,0,1,0,,,342074805,26
20140105,99869074,55129989,83998249,54757146,76314292,0,0,0,0,0,0,1,,,186085910,26
20140106,156781996,179826624,138478245,156157326,133355299,1,0,0,0,0,0,0,,,206030707,27
20140107,190917629,134232530,118607911,116537843,147147341,0,1,0,0,0,0,0,,,442494042,27
20140108,137972793,77367755,172755480,202220872,110314592,0,0,1,0,0,0,0,,,589726496,27
20140109,213880074,190155450,241852564,164023344,92090275,0,0,0,1,0,0,0,,,264025160,27
20140110,140391237,127714255,163522548,153678963,90778214,0,0,0,0,1,0,0,,,280698487,27
20140111,117259153,99869074,61383220,83151594,52234651,0,0,0,0,0,1,0,,,237797636,27
20140112,71530182,156781996,55129989,83998249,54757146,0,0,0,0,0,0,1,,,243403438,27
20140113,141505812,190917629,179826624,138478245,156157326,1,0,0,0,0,0,0,,,228255344,28
20140114,178923772,137972793,134232530,118607911,116537843,0,1,0,0,0,0,0,,,447207050,28
20140115,159778389,213880074,77367755,172755480,202220872,0,0,1,0,0,0,0,,,356907128,28
20140116,177618247,140391237,190155450,241852564,164023344,0,0,0,1,0,0,0,,,391408718,28
20140117,153167426,117259153,127714255,163522548,153678963,0,0,0,0,1,0,0,,,374947083,28
20140118,127385210,71530182,99869074,61383220,83151594,0,0,0,0,0,1,0,,,345426853,28
20140119,142869842,141505812,156781996,55129989,83998249,0,0,0,0,0,0,1,,,233200688,28
20140120,117629351,178923772,190917629,179826624,138478245,1,0,0,0,0,0,0,,,185082022,29
20140121,442996084,159778389,137972793,134232530,118607911,0,1,0,0,0,0,0,,,335761027,29
20140122,302825136,177618247,213880074,77367755,172755480,0,0,1,0,0,0,0,,,412854611,29
20140123,292856188,153167426,140391237,190155450,241852564,0,0,0,1,0,0,0,,,498730606,29
20140124,209024328,127385210,117259153,127714255,163522548,0,0,0,0,1,0,0,,,481450097,29
20140125,345829001,142869842,71530182,99869074,61383220,0,0,0,0,0,1,0,,,614103894,29
20140126,185524856,117629351,141505812,156781996,55129989,0,0,0,0,0,0,1,,,440854623,29
20140127,331752519,442996084,178923772,190917629,179826624,1,0,0,0,0,0,0,,,528402520,30
20140128,280645861,302825136,159778389,137972793,134232530,0,1,0,0,0,0,0,,,657199484,30
20140129,248334316,292856188,177618247,213880074,77367755,0,0,1,0,0,0,0,,,843424742,30
20140130,215164666,209024328,153167426,140391237,190155450,0,0,0,1,0,0,0,,,952479658,30
20140131,105288105,345829001,127385210,117259153,127714255,0,0,0,0,1,0,0,,,227916211,30
20140201,48132389,185524856,142869842,71530182,99869074,0,0,0,0,0,1,0,,,87324175,30
20140202,61527060,331752519,117629351,141505812,156781996,0,0,0,0,0,0,1,,,64287172,30
20140203,24395720,280645861,442996084,178923772,190917629,1,0,0,0,0,0,0,,,57912761,31
20140204,46109194,248334316,302825136,159778389,137972793,0,1,0,0,0,0,0,,,84329848,31
20140205,44927333,215164666,292856188,177618247,213880074,0,0,1,0,0,0,0,,,83653646,31
20140206,95407704,105288105,209024328,153167426,140391237,0,0,0,1,0,0,0,,,209043990,31
20140207,111635336,48132389,345829001,127385210,117259153,0,0,0,0,1,0,0,,,227860276,31
20140208,273482213,61527060,185524856,142869842,71530182,0,0,0,0,0,1,0,,,578818221,31
20140209,183432237,24395720,331752519,117629351,141505812,0,0,0,0,0,0,1,,,358255468,31
20140210,262954049,46109194,280645861,442996084,178923772,1,0,0,0,0,0,0,,,341911234,32
20140211,431753411,44927333,248334316,302825136,159778389,0,1,0,0,0,0,0,,,647465140,32
20140212,243058162,95407704,215164666,292856188,177618247,0,0,1,0,0,0,0,,,818803205,32
20140213,354585919,111635336,105288105,209024328,153167426,0,0,0,1,0,0,0,,,763009770,32
20140214,362757986,273482213,48132389,345829001,127385210,0,0,0,0,1,0,0,,,626698794,32
20140215,263261899,183432237,61527060,185524856,142869842,0,0,0,0,0,1,0,,,490710434,32
20140216,121463693,262954049,24395720,331752519,117629351,0,0,0,0,0,0,1,,,255393179,32
20140217,183057224,431753411,46109194,280645861,442996084,1,0,0,0,0,0,0,,,331324628,33
20140218,405809267,243058162,44927333,248334316,302825136,0,1,0,0,0,0,0,,,706118060,33
20140219,271125324,354585919,95407704,215164666,292856188,0,0,1,0,0,0,0,,,593563145,33
20140220,323990451,362757986,111635336,105288105,209024328,0,0,0,1,0,0,0,,,408367966,33
20140221,230855410,263261899,273482213,48132389,345829001,0,0,0,0,1,0,0,,,478925191,33
20140222,178914448,121463693,183432237,61527060,185524856,0,0,0,0,0,1,0,,,353981687,33
20140223,134735118,183057224,262954049,24395720,331752519,0,0,0,0,0,0,1,,,282022706,33
20140224,195214052,405809267,431753411,46109194,280645861,1,0,0,0,0,0,0,,,337053711,34
20140225,473470156,271125324,243058162,44927333,248334316,0,1,0,0,0,0,0,,,656317045,34
20140226,299155352,323990451,354585919,95407704,215164666,0,0,1,0,0,0,0,,,563505889,34
20140227,284819682,230855410,362757986,111635336,105288105,0,0,0,1,0,0,0,,,680801145,34
20140228,492786036,178914448,263261899,273482213,48132389,0,0,0,0,1,0,0,,,672909288,34
20140301,322030204,134735118,121463693,183432237,61527060,0,0,0,0,0,1,0,,,428721754,34
20140302,211279011,195214052,183057224,262954049,24395720,0,0,0,0,0,0,1,,,362865580,34
20140303,246199417,473470156,405809267,431753411,46109194,1,0,0,0,0,0,0,,,276202230,35
20140304,513017360,299155352,271125324,243058162,44927333,0,1,0,0,0,0,0,,,505305862,35
20140305,250562978,284819682,323990451,354585919,95407704,0,0,1,0,0,0,0,,,524146340,35
20140306,209072753,492786036,230855410,362757986,111635336,0,0,0,1,0,0,0,,,454295491,35
20140307,243149884,322030204,178914448,263261899,273482213,0,0,0,0,1,0,0,,,561787770,35
20140308,291087220,211279011,134735118,121463693,183432237,0,0,0,0,0,1,0,,,380139779,35
20140309,140323202,246199417,195214052,183057224,262954049,0,0,0,0,0,0,1,,,243274169,35
20140310,206312503,513017360,473470156,405809267,431753411,1,0,0,0,0,0,0,,,244752519,36
20140311,308040624,250562978,299155352,271125324,243058162,0,1,0,0,0,0,0,,,497338076,36
20140312,496039886,209072753,284819682,323990451,354585919,0,0,1,0,0,0,0,,,430500816,36
20140313,416491268,243149884,492786036,230855410,362757986,0,0,0,1,0,0,0,,,377007897,36
20140314,316973542,291087220,322030204,178914448,263261899,0,0,0,0,1,0,0,,,346286910,36
20140315,311575572,140323202,211279011,134735118,121463693,0,0,0,0,0,1,0,,,315897431,36
20140316,242799048,206312503,246199417,195214052,183057224,0,0,0,0,0,0,1,,,287407002,36
20140317,390584547,308040624,513017360,473470156,405809267,1,0,0,0,0,0,0,,,269387391,37
20140318,440624592,496039886,250562978,299155352,271125324,0,1,0,0,0,0,0,,,339008082,37
20140319,410240726,416491268,209072753,284819682,323990451,0,0,1,0,0,0,0,,,435479117,37
20140320,429298917,316973542,243149884,492786036,230855410,0,0,0,1,0,0,0,,,359014064,37
20140321,336076380,311575572,291087220,322030204,178914448,0,0,0,0,1,0,0,,,365011495,37
20140322,259655286,242799048,140323202,211279011,134735118,0,0,0,0,0,1,0,,,282351818,37
20140323,138039412,390584547,206312503,246199417,195214052,0,0,0,0,0,0,1,,,191700135,37
20140324,186443311,440624592,308040624,513017360,473470156,1,0,0,0,0,0,0,,,167456369,38
20140325,437825259,410240726,496039886,250562978,299155352,0,1,0,0,0,0,0,,,313180334,38
20140326,312710515,429298917,416491268,209072753,284819682,0,0,1,0,0,0,0,,,314345006,38
20140327,450254233,336076380,316973542,243149884,492786036,0,0,0,1,0,0,0,,,272935544,38
20140328,359071642,259655286,311575572,291087220,322030204,0,0,0,0,1,0,0,,,266231082,38
20140329,405443946,138039412,242799048,140323202,211279011,0,0,0,0,0,1,0,,,225966355,38
20140330,155006056,186443311,390584547,206312503,246199417,0,0,0,0,0,0,1,,,160250985,38
20140331,264714811,437825259,440624592,308040624,513017360,1,0,0,0,0,0,0,,,205533934,39
20140401,423852634,312710515,410240726,496039886,250562978,0,1,0,0,0,0,0,0.0333333333,1,398884905,39
20140402,277429358,450254233,429298917,416491268,209072753,0,0,1,0,0,0,0,0.0666666667,1,453320585,39
20140403,272612066,359071642,336076380,316973542,243149884,0,0,0,1,0,0,0,0.1,1,355347118,39
20140404,266605457,405443946,259655286,311575572,291087220,0,0,0,0,1,0,0,0.1333333333,1,363877120,39
20140405,200192637,155006056,138039412,242799048,140323202,0,0,0,0,0,1,0,0.1666666667,0,251895894,39
20140406,163199682,264714811,186443311,390584547,206312503,0,0,0,0,0,0,1,0.2,0,202336542,39
20140407,139576683,423852634,437825259,440624592,308040624,1,0,0,0,0,0,0,0.2333333333,0,129477254,40
20140408,176966561,277429358,312710515,410240726,496039886,0,1,0,0,0,0,0,0.2666666667,1,196936223,40
20140409,250015131,272612066,450254233,429298917,416491268,0,0,1,0,0,0,0,0.3,1,354770149,40
20140410,289330278,266605457,359071642,336076380,316973542,0,0,0,1,0,0,0,0.3333333333,1,383347565,40
20140411,286914864,200192637,405443946,259655286,311575572,0,0,0,0,1,0,0,0.3666666667,1,386567460,40
20140412,277077434,163199682,155006056,138039412,242799048,0,0,0,0,0,1,0,0.4,0,237829882,40
20140413,123295320,139576683,264714811,186443311,390584547,0,0,0,0,0,0,1,0.4333333333,0,177642053,40
20140414,178934722,176966561,423852634,437825259,440624592,1,0,0,0,0,0,0,0.4666666667,1,208172985,41
20140415,415986984,250015131,277429358,312710515,410240726,0,1,0,0,0,0,0,0.5,1,309853269,41
20140416,285293076,289330278,272612066,450254233,429298917,0,0,1,0,0,0,0,0.5333333333,1,428681231,41
20140417,255914640,286914864,266605457,359071642,336076380,0,0,0,1,0,0,0,0.5666666667,1,387847838,41
20140418,265341592,277077434,200192637,405443946,259655286,0,0,0,0,1,0,0,0.6,1,355792647,41
20140419,225952909,123295320,163199682,155006056,138039412,0,0,0,0,0,1,0,0.6333333333,0,239300383,41
20140420,146374940,178934722,139576683,264714811,186443311,0,0,0,0,0,0,1,0.6666666667,0,268729366,41
20140421,161057781,415986984,176966561,423852634,437825259,1,0,0,0,0,0,0,0.7,1,191259529,42
20140422,295635256,285293076,250015131,277429358,312710515,0,1,0,0,0,0,0,0.7333333333,1,301134667,42
20140423,268810141,255914640,289330278,272612066,450254233,0,0,1,0,0,0,0,0.7666666667,1,285248757,42
20140424,278470936,265341592,286914864,266605457,359071642,0,0,0,1,0,0,0,0.8,1,313677307,42
20140425,224536754,225952909,277077434,200192637,405443946,0,0,0,0,1,0,0,0.8333333333,1,318358891,42
20140426,227764292,146374940,123295320,163199682,155006056,0,0,0,0,0,1,0,0.8666666667,0,220927432,42
20140427,158122962,161057781,178934722,139576683,264714811,0,0,0,0,0,0,1,0.9,0,151625415,42
20140428,191915377,295635256,415986984,176966561,423852634,1,0,0,0,0,0,0,0.9333333333,1,146837951,43
20140429,327724735,268810141,285293076,250015131,277429358,0,1,0,0,0,0,0,0.9666666667,1,324937272,43
20140430,307578349,278470936,255914640,289330278,272612066,0,0,1,0,0,0,0,1,1,330607104,43
20140501,281835975,224536754,265341592,286914864,266605457,0,0,0,1,0,0,0,0.0322580645,0,260091330,43
20140502,143362755,227764292,225952909,277077434,200192637,0,0,0,0,1,0,0,0.064516129,0,193045106,43
20140503,121222064,158122962,146374940,123295320,163199682,0,0,0,0,0,1,0,0.0967741935,0,125336258,43
20140504,199568043,191915377,161057781,178934722,139576683,0,0,0,0,0,0,1,0.1290322581,1,185094488,43
20140505,413222034,327724735,295635256,415986984,176966561,1,0,0,0,0,0,0,0.1612903226,1,303087562,44
20140506,309330781,307578349,268810141,285293076,250015131,0,1,0,0,0,0,0,0.1935483871,1,370924149,44
20140507,341108696,281835975,278470936,255914640,289330278,0,0,1,0,0,0,0,0.2258064516,1,318002728,44
20140508,239372999,143362755,224536754,265341592,286914864,0,0,0,1,0,0,0,0.2580645161,1,417327518,44
20140509,273187499,121222064,227764292,225952909,277077434,0,0,0,0,1,0,0,0.2903225806,1,392838756,44
20140510,247743971,199568043,158122962,146374940,123295320,0,0,0,0,0,1,0,0.3225806452,0,281479009,44
20140511,147248328,413222034,191915377,161057781,178934722,0,0,0,0,0,0,1,0.3548387097,0,287240171,44
20140512,152945581,309330781,327724735,295635256,415986984,1,0,0,0,0,0,0,0.3870967742,1,182424063,45
20140513,293952908,341108696,307578349,268810141,285293076,0,1,0,0,0,0,0,0.4193548387,1,325108597,45
20140514,257918375,239372999,281835975,278470936,255914640,0,0,1,0,0,0,0,0.4516129032,1,275241493,45
20140515,316225442,273187499,143362755,224536754,265341592,0,0,0,1,0,0,0,0.4838709677,1,305474522,45
20140516,238307643,247743971,121222064,227764292,225952909,0,0,0,0,1,0,0,0.5161290323,1,313367089,45
20140517,282094916,147248328,199568043,158122962,146374940,0,0,0,0,0,1,0,0.5483870968,0,231967423,45
20140518,145854372,152945581,413222034,191915377,161057781,0,0,0,0,0,0,1,0.5806451613,0,170983868,45
20140519,153440019,293952908,309330781,327724735,295635256,1,0,0,0,0,0,0,0.6129032258,1,164419642,46
20140520,293791406,257918375,341108696,307578349,268810141,0,1,0,0,0,0,0,0.6451612903,1,259077930,46
20140521,260040720,316225442,239372999,281835975,278470936,0,0,1,0,0,0,0,0.6774193548,1,453955303,46
20140522,250223726,238307643,273187499,143362755,224536754,0,0,0,1,0,0,0,0.7096774194,1,297799722,46
20140523,251108485,282094916,247743971,121222064,227764292,0,0,0,0,1,0,0,0.7419354839,1,344636549,46
20140524,229000787,145854372,147248328,199568043,158122962,0,0,0,0,0,1,0,0.7741935484,0,249546195,46
20140525,154409868,153440019,152945581,413222034,191915377,0,0,0,0,0,0,1,0.8064516129,0,160073254,46
20140526,231004758,293791406,293952908,309330781,327724735,1,0,0,0,0,0,0,0.8387096774,1,166943526,47
20140527,274707572,260040720,257918375,341108696,307578349,0,1,0,0,0,0,0,0.8709677419,1,344890868,47
20140528,321965845,250223726,316225442,239372999,281835975,0,0,1,0,0,0,0,0.9032258065,1,299049555,47
20140529,415891684,251108485,238307643,273187499,143362755,0,0,0,1,0,0,0,0.935483871,1,276134813,47
20140530,313827800,229000787,282094916,247743971,121222064,0,0,0,0,1,0,0,0.9677419355,1,320549863,47
20140531,312802179,154409868,145854372,147248328,199568043,0,0,0,0,0,1,0,1,0,226547701,47
20140601,142862063,231004758,153440019,152945581,413222034,0,0,0,0,0,0,1,0.0333333333,0,146823669,47
20140602,149829253,274707572,293791406,293952908,309330781,1,0,0,0,0,0,0,0.0666666667,0,183489775,48
20140603,170409506,321965845,260040720,257918375,341108696,0,1,0,0,0,0,0,0.1,1,158219402,48
20140604,385622582,415891684,250223726,316225442,239372999,0,0,1,0,0,0,0,0.1333333333,1,270887462,48
20140605,303978838,313827800,251108485,238307643,273187499,0,0,0,1,0,0,0,0.1666666667,1,274460744,48
20140606,355645445,312802179,229000787,282094916,247743971,0,0,0,0,1,0,0,0.2,1,380042567,48
20140607,274862067,142862063,154409868,145854372,147248328,0,0,0,0,0,1,0,0.2333333333,0,301413900,48
20140608,146203577,149829253,231004758,153440019,152945581,0,0,0,0,0,0,1,0.2666666667,0,187801995,48
20140609,169525332,170409506,274707572,293791406,293952908,1,0,0,0,0,0,0,0.3,1,302171269,49
20140610,287520152,385622582,321965845,260040720,257918375,0,1,0,0,0,0,0,0.3333333333,1,366114374,49
20140611,298190025,303978838,415891684,250223726,316225442,0,0,1,0,0,0,0,0.3666666667,1,354031597,49
20140612,246127540,355645445,313827800,251108485,238307643,0,0,0,1,0,0,0,0.4,1,327661453,49
20140613,236467885,274862067,312802179,229000787,282094916,0,0,0,0,1,0,0,0.4333333333,1,332365185,49
20140614,386799040,146203577,142862063,154409868,145854372,0,0,0,0,0,1,0,0.4666666667,0,216923770,49
20140615,229916191,169525332,149829253,231004758,153440019,0,0,0,0,0,0,1,0.5,0,181574530,49
20140616,116623756,287520152,170409506,274707572,293791406,1,0,0,0,0,0,0,0.5333333333,1,166080126,50
20140617,492349489,298190025,385622582,321965845,260040720,0,1,0,0,0,0,0,0.5666666667,1,387308484,50
20140618,502560223,246127540,303978838,415891684,250223726,0,0,1,0,0,0,0,0.6,1,270350693,50
20140619,421920230,236467885,355645445,313827800,251108485,0,0,0,1,0,0,0,0.6333333333,1,335262709,50
20140620,284956260,386799040,274862067,312802179,229000787,0,0,0,0,1,0,0,0.6666666667,1,338609087,50
20140621,286583065,229916191,146203577,142862063,154409868,0,0,0,0,0,1,0,0.7,0,251582530,50
20140622,231003775,116623756,169525332,149829253,231004758,0,0,0,0,0,0,1,0.7333333333,0,177999186,50
20140623,361285652,492349489,287520152,170409506,274707572,1,0,0,0,0,0,0,0.7666666667,1,147180819,51
20140624,373779624,502560223,298190025,385622582,321965845,0,1,0,0,0,0,0,0.8,1,232227670,51
20140625,428471509,421920230,246127540,303978838,415891684,0,0,1,0,0,0,0,0.8333333333,1,245450766,51
20140626,547295931,284956260,236467885,355645445,313827800,0,0,0,1,0,0,0,0.8666666667,1,264663201,51
20140627,418742109,286583065,386799040,274862067,312802179,0,0,0,0,1,0,0,0.9,1,297628039,51
20140628,399444352,231003775,229916191,146203577,142862063,0,0,0,0,0,1,0,0.9333333333,0,264282703,51
20140629,283400236,361285652,116623756,169525332,149829253,0,0,0,0,0,0,1,0.9666666667,0,153826161,51
20140630,261170799,373779624,492349489,287520152,170409506,1,0,0,0,0,0,0,1,1,158801540,52
20140701,456547794,428471509,502560223,298190025,385622582,0,1,0,0,0,0,0,0.0322580645,1,334054112,52
20140702,374164541,547295931,421920230,246127540,303978838,0,0,1,0,0,0,0,0.064516129,1,384428753,52
20140703,328950951,418742109,284956260,236467885,355645445,0,0,0,1,0,0,0,0.0967741935,1,384555819,52
20140704,289009780,399444352,286583065,386799040,274862067,0,0,0,0,1,0,0,0.1290322581,1,297894643,52
20140705,264494550,283400236,231003775,229916191,146203577,0,0,0,0,0,1,0,0.1612903226,0,211649838,52
20140706,272535138,261170799,361285652,116623756,169525332,0,0,0,0,0,0,1,0.1935483871,0,169383796,52
20140707,195530758,456547794,373779624,492349489,287520152,1,0,0,0,0,0,0,0.2258064516,1,199569025,53
20140708,317612569,374164541,428471509,502560223,298190025,0,1,0,0,0,0,0,0.2580645161,1,272182847,53
20140709,340453063,328950951,547295931,421920230,246127540,0,0,1,0,0,0,0,0.2903225806,1,224240103,53
20140710,269642881,289009780,418742109,284956260,236467885,0,0,0,1,0,0,0,0.3225806452,1,278005555,53
20140711,326009240,264494550,399444352,286583065,386799040,0,0,0,0,1,0,0,0.3548387097,1,283095921,53
20140712,240050748,272535138,283400236,231003775,229916191,0,0,0,0,0,1,0,0.3870967742,0,208671021,53
20140713,149081488,195530758,261170799,361285652,116623756,0,0,0,0,0,0,1,0.4193548387,0,177644343,53
20140714,199459990,317612569,456547794,373779624,492349489,1,0,0,0,0,0,0,0.4516129032,1,179759885,54
20140715,284753279,340453063,374164541,428471509,502560223,0,1,0,0,0,0,0,0.4838709677,1,254797524,54
20140716,261722182,269642881,328950951,547295931,421920230,0,0,1,0,0,0,0,0.5161290323,1,334810012,54
20140717,234775948,326009240,289009780,418742109,284956260,0,0,0,1,0,0,0,0.5483870968,1,394890140,54
20140718,298279385,240050748,264494550,399444352,286583065,0,0,0,0,1,0,0,0.5806451613,1,253011280,54
20140719,208671287,149081488,272535138,283400236,231003775,0,0,0,0,0,1,0,0.6129032258,0,208959595,54
20140720,155464283,199459990,195530758,261170799,361285652,0,0,0,0,0,0,1,0.6451612903,0,210318023,54
20140721,174462836,284753279,317612569,456547794,373779624,1,0,0,0,0,0,0,0.6774193548,1,176449304,55
20140722,434191479,261722182,340453063,374164541,428471509,0,1,0,0,0,0,0,0.7096774194,1,378088594,55
20140723,369043423,234775948,269642881,328950951,547295931,0,0,1,0,0,0,0,0.7419354839,1,243084133,55
20140724,308353077,298279385,326009240,289009780,418742109,0,0,0,1,0,0,0,0.7741935484,1,265461894,55
20140725,347622431,208671287,240050748,264494550,399444352,0,0,0,0,1,0,0,0.8064516129,1,277044480,55
20140726,262874791,155464283,149081488,272535138,283400236,0,0,0,0,0,1,0,0.8387096774,0,181641088,55
20140727,282653341,174462836,199459990,195530758,261170799,0,0,0,0,0,0,1,0.8709677419,0,128268053,55
20140728,166610652,434191479,284753279,317612569,456547794,1,0,0,0,0,0,0,0.9032258065,1,151406251,56
20140729,345986909,369043423,261722182,340453063,374164541,0,1,0,0,0,0,0,0.935483871,1,371762756,56
20140730,303480103,308353077,234775948,269642881,328950951,0,0,1,0,0,0,0,0.9677419355,1,228093046,56
20140731,250117716,347622431,298279385,326009240,289009780,0,0,0,1,0,0,0,1,1,209917272,56
20140801,277194379,262874791,208671287,240050748,264494550,0,0,0,0,1,0,0,0.0322580645,1,191728916,56
20140802,252540858,282653341,155464283,149081488,272535138,0,0,0,0,0,1,0,0.064516129,0,374884735,56
20140803,172250225,166610652,174462836,199459990,195530758,0,0,0,0,0,0,1,0.0967741935,0,189092130,56
20140804,127125217,345986909,434191479,284753279,317612569,1,0,0,0,0,0,0,0.1290322581,1,173825397,57
20140805,322907524,303480103,369043423,261722182,340453063,0,1,0,0,0,0,0,0.1612903226,1,330640884,57
20140806,221706539,250117716,308353077,234775948,269642881,0,0,1,0,0,0,0,0.1935483871,1,394780870,57
20140807,282346594,277194379,347622431,298279385,326009240,0,0,0,1,0,0,0,0.2258064516,1,288821016,57
20140808,253659514,252540858,262874791,208671287,240050748,0,0,0,0,1,0,0,0.2580645161,1,247646474,57
20140809,311648757,172250225,282653341,155464283,149081488,0,0,0,0,0,1,0,0.2903225806,0,233903717,57
20140810,163611708,127125217,166610652,174462836,199459990,0,0,0,0,0,0,1,0.3225806452,0,160262764,57
20140811,189909225,322907524,345986909,434191479,284753279,1,0,0,0,0,0,0,0.3548387097,1,259534870,58
20140812,418603336,221706539,303480103,369043423,261722182,0,1,0,0,0,0,0,0.3870967742,1,331550471,58
20140813,309754858,282346594,250117716,308353077,234775948,0,0,1,0,0,0,0,0.4193548387,1,258493673,58
20140814,303975517,253659514,277194379,347622431,298279385,0,0,0,1,0,0,0,0.4516129032,1,261506619,58
20140815,211939431,311648757,252540858,262874791,208671287,0,0,0,0,1,0,0,0.4838709677,1,257702660,58
20140816,236516007,163611708,172250225,282653341,155464283,0,0,0,0,0,1,0,0.5161290323,0,244551620,58
20140817,219214339,189909225,127125217,166610652,174462836,0,0,0,0,0,0,1,0.5483870968,0,215059736,58
20140818,139564084,418603336,322907524,345986909,434191479,1,0,0,0,0,0,0,0.5806451613,1,149978271,59
20140819,259169016,309754858,221706539,303480103,369043423,0,1,0,0,0,0,0,0.6129032258,1,298499146,59
20140820,254929877,303975517,282346594,250117716,308353077,0,0,1,0,0,0,0,0.6451612903,1,266401973,59
20140821,202452782,211939431,253659514,277194379,347622431,0,0,0,1,0,0,0,0.6774193548,1,308378692,59
20140822,219963356,236516007,311648757,252540858,262874791,0,0,0,0,1,0,0,0.7096774194,1,251763517,59
20140823,179349206,219214339,163611708,172250225,282653341,0,0,0,0,0,1,0,0.7419354839,0,246316056,59
20140824,199377531,139564084,189909225,127125217,166610652,0,0,0,0,0,0,1,0.7741935484,0,141412027,59
20140825,191080151,259169016,418603336,322907524,345986909,1,0,0,0,0,0,0,0.8064516129,1,130195484,60
20140826,312413411,254929877,309754858,221706539,303480103,0,1,0,0,0,0,0,0.8387096774,1,309574223,60
20140827,285478563,202452782,303975517,282346594,250117716,0,0,1,0,0,0,0,0.8709677419,1,306945089,60
20140828,468164147,219963356,211939431,253659514,277194379,0,0,0,1,0,0,0,0.9032258065,1,302194801,60
20140829,297893861,179349206,236516007,311648757,252540858,0,0,0,0,1,0,0,0.935483871,1,245082751,60
20140830,273756380,199377531,219214339,163611708,172250225,0,0,0,0,0,1,0,0.9677419355,0,267554713,60
20140831,196374134,191080151,139564084,189909225,127125217,0,0,0,0,0,0,1,1,0,199708772,60