attr1,attr2,attr3,attr4,attr5,attr6,attr7,attr8,attr9,attr10,attr11,attr12,attr13,attr14
0,0,0,0,0,0,0,0,0,0,0,0,0,0
0,0,0,0,0,0,0,0,0,0,0,0,0,0
0,0,0,0,0,0,0,0,0,0,0,0,0,0
0,0,0,0,0,0,0,0,0,0,0,0,0,0
0,0,0,0,0,0,0,0,0,0,0,0,0,0
0,0,0,0,0,0,0,0,0,0,0,0,0,0
0,0,0,0,0,0,0,0,0,0,0,0,0,0
0,0,0,0,0,0,0,0,0,0,0,0,0,0
82842472.0,11153102.0,13890524.0,13578221.0,19266060.0,18140022.0,26409341.0,82842472.0,11153102.0,13890524.0,13578221.0,19266060.0,18140022.0,26409341.0
7248800.0,82842472.0,11153102.0,13890524.0,13578221.0,19266060.0,18140022.0,7248800.0,82842472.0,11153102.0,13890524.0,13578221.0,19266060.0,18140022.0
23891010.0,7248800.0,82842472.0,11153102.0,13890524.0,13578221.0,19266060.0,23891010.0,7248800.0,82842472.0,11153102.0,13890524.0,13578221.0,19266060.0
27684033.0,23891010.0,7248800.0,82842472.0,11153102.0,13890524.0,13578221.0,27684033.0,23891010.0,7248800.0,82842472.0,11153102.0,13890524.0,13578221.0
18373172.0,27684033.0,23891010.0,7248800.0,82842472.0,11153102.0,13890524.0,18373172.0,27684033.0,23891010.0,7248800.0,82842472.0,11153102.0,13890524.0
16999575.0,18373172.0,27684033.0,23891010.0,7248800.0,82842472.0,11153102.0,16999575.0,18373172.0,27684033.0,23891010.0,7248800.0,82842472.0,11153102.0
97833349.0,16999575.0,18373172.0,27684033.0,23891010.0,7248800.0,82842472.0,97833349.0,16999575.0,18373172.0,27684033.0,23891010.0,7248800.0,82842472.0
80895799.0,97833349.0,16999575.0,18373172.0,27684033.0,23891010.0,7248800.0,80895799.0,97833349.0,16999575.0,18373172.0,27684033.0,23891010.0,7248800.0
-5841607.0,80895799.0,97833349.0,16999575.0,18373172.0,27684033.0,23891010.0,-5841607.0,80895799.0,97833349.0,16999575.0,18373172.0,27684033.0,23891010.0
2202452.0,-5841607.0,80895799.0,97833349.0,16999575.0,18373172.0,27684033.0,2202452.0,-5841607.0,80895799.0,97833349.0,16999575.0,18373172.0,27684033.0
19467084.0,2202452.0,-5841607.0,80895799.0,97833349.0,16999575.0,18373172.0,19467084.0,2202452.0,-5841607.0,80895799.0,97833349.0,16999575.0,18373172.0
122887703.0,19467084.0,2202452.0,-5841607.0,80895799.0,97833349.0,16999575.0,122887703.0,19467084.0,2202452.0,-5841607.0,80895799.0,97833349.0,16999575.0
16104903.0,122887703.0,19467084.0,2202452.0,-5841607.0,80895799.0,97833349.0,16104903.0,122887703.0,19467084.0,2202452.0,-5841607.0,80895799.0,97833349.0
74307624.0,16104903.0,122887703.0,19467084.0,2202452.0,-5841607.0,80895799.0,74307624.0,16104903.0,122887703.0,19467084.0,2202452.0,-5841607.0,80895799.0
28770766.0,74307624.0,16104903.0,122887703.0,19467084.0,2202452.0,-5841607.0,28770766.0,74307624.0,16104903.0,122887703.0,19467084.0,2202452.0,-5841607.0
16439741.0,28770766.0,74307624.0,16104903.0,122887703.0,19467084.0,2202452.0,16439741.0,28770766.0,74307624.0,16104903.0,122887703.0,19467084.0,2202452.0
20057163.0,16439741.0,28770766.0,74307624.0,16104903.0,122887703.0,19467084.0,20057163.0,16439741.0,28770766.0,74307624.0,16104903.0,122887703.0,19467084.0
61270802.0,20057163.0,16439741.0,28770766.0,74307624.0,16104903.0,122887703.0,61270802.0,20057163.0,16439741.0,28770766.0,74307624.0,16104903.0,122887703.0
14113904.0,61270802.0,20057163.0,16439741.0,28770766.0,74307624.0,16104903.0,14113904.0,61270802.0,20057163.0,16439741.0,28770766.0,74307624.0,16104903.0
25298132.0,14113904.0,61270802.0,20057163.0,16439741.0,28770766.0,74307624.0,25298132.0,14113904.0,61270802.0,20057163.0,16439741.0,28770766.0,74307624.0
-6627066.0,25298132.0,14113904.0,61270802.0,20057163.0,16439741.0,28770766.0,-6627066.0,25298132.0,14113904.0,61270802.0,20057163.0,16439741.0,28770766.0
44754656.0,-6627066.0,25298132.0,14113904.0,61270802.0,20057163.0,16439741.0,44754656.0,-6627066.0,25298132.0,14113904.0,61270802.0,20057163.0,16439741.0
18982594.0,44754656.0,-6627066.0,25298132.0,14113904.0,61270802.0,20057163.0,18982594.0,44754656.0,-6627066.0,25298132.0,14113904.0,61270802.0,20057163.0
109790698.0,18982594.0,44754656.0,-6627066.0,25298132.0,14113904.0,61270802.0,109790698.0,18982594.0,44754656.0,-6627066.0,25298132.0,14113904.0,61270802.0
55746790.0,109790698.0,18982594.0,44754656.0,-6627066.0,25298132.0,14113904.0,55746790.0,109790698.0,18982594.0,44754656.0,-6627066.0,25298132.0,14113904.0
52693506.0,55746790.0,109790698.0,18982594.0,44754656.0,-6627066.0,25298132.0,52693506.0,55746790.0,109790698.0,18982594.0,44754656.0,-6627066.0,25298132.0
6428415.0,52693506.0,55746790.0,109790698.0,18982594.0,44754656.0,-6627066.0,6428415.0,52693506.0,55746790.0,109790698.0,18982594.0,44754656.0,-6627066.0
28603081.0,6428415.0,52693506.0,55746790.0,109790698.0,18982594.0,44754656.0,28603081.0,6428415.0,52693506.0,55746790.0,109790698.0,18982594.0,44754656.0
-71578779.0,28603081.0,6428415.0,52693506.0,55746790.0,109790698.0,18982594.0,-71578779.0,28603081.0,6428415.0,52693506.0,55746790.0,109790698.0,18982594.0
4044486.0,-71578779.0,28603081.0,6428415.0,52693506.0,55746790.0,109790698.0,4044486.0,-71578779.0,28603081.0,6428415.0,52693506.0,55746790.0,109790698.0
11278349.0,4044486.0,-71578779.0,28603081.0,6428415.0,52693506.0,55746790.0,11278349.0,4044486.0,-71578779.0,28603081.0,6428415.0,52693506.0,55746790.0
34141495.0,11278349.0,4044486.0,-71578779.0,28603081.0,6428415.0,52693506.0,34141495.0,11278349.0,4044486.0,-71578779.0,28603081.0,6428415.0,52693506.0
30651692.0,34141495.0,11278349.0,4044486.0,-71578779.0,28603081.0,6428415.0,30651692.0,34141495.0,11278349.0,4044486.0,-71578779.0,28603081.0,6428415.0
2461258.0,30651692.0,34141495.0,11278349.0,4044486.0,-71578779.0,28603081.0,2461258.0,30651692.0,34141495.0,11278349.0,4044486.0,-71578779.0,28603081.0
37397933.0,2461258.0,30651692.0,34141495.0,11278349.0,4044486.0,-71578779.0,37397933.0,2461258.0,30651692.0,34141495.0,11278349.0,4044486.0,-71578779.0
-9631634.0,37397933.0,2461258.0,30651692.0,34141495.0,11278349.0,4044486.0,-9631634.0,37397933.0,2461258.0,30651692.0,34141495.0,11278349.0,4044486.0
16530654.0,-9631634.0,37397933.0,2461258.0,30651692.0,34141495.0,11278349.0,16530654.0,-9631634.0,37397933.0,2461258.0,30651692.0,34141495.0,11278349.0
15345097.0,16530654.0,-9631634.0,37397933.0,2461258.0,30651692.0,34141495.0,15345097.0,16530654.0,-9631634.0,37397933.0,2461258.0,30651692.0,34141495.0
7257120.0,15345097.0,16530654.0,-9631634.0,37397933.0,2461258.0,30651692.0,7257120.0,15345097.0,16530654.0,-9631634.0,37397933.0,2461258.0,30651692.0
-3678536.0,7257120.0,15345097.0,16530654.0,-9631634.0,37397933.0,2461258.0,-3678536.0,7257120.0,15345097.0,16530654.0,-9631634.0,37397933.0,2461258.0
-35768931.0,-3678536.0,7257120.0,15345097.0,16530654.0,-9631634.0,37397933.0,-35768931.0,-3678536.0,7257120.0,15345097.0,16530654.0,-9631634.0,37397933.0
9483779.0,-35768931.0,-3678536.0,7257120.0,15345097.0,16530654.0,-9631634.0,9483779.0,-35768931.0,-3678536.0,7257120.0,15345097.0,16530654.0,-9631634.0
20909763.0,9483779.0,-35768931.0,-3678536.0,7257120.0,15345097.0,16530654.0,20909763.0,9483779.0,-35768931.0,-3678536.0,7257120.0,15345097.0,16530654.0
24301529.0,20909763.0,9483779.0,-35768931.0,-3678536.0,7257120.0,15345097.0,24301529.0,20909763.0,9483779.0,-35768931.0,-3678536.0,7257120.0,15345097.0
27392525.0,24301529.0,20909763.0,9483779.0,-35768931.0,-3678536.0,7257120.0,27392525.0,24301529.0,20909763.0,9483779.0,-35768931.0,-3678536.0,7257120.0
7925038.0,27392525.0,24301529.0,20909763.0,9483779.0,-35768931.0,-3678536.0,7925038.0,27392525.0,24301529.0,20909763.0,9483779.0,-35768931.0,-3678536.0
17845428.0,7925038.0,27392525.0,24301529.0,20909763.0,9483779.0,-35768931.0,17845428.0,7925038.0,27392525.0,24301529.0,20909763.0,9483779.0,-35768931.0
40147476.0,17845428.0,7925038.0,27392525.0,24301529.0,20909763.0,9483779.0,40147476.0,17845428.0,7925038.0,27392525.0,24301529.0,20909763.0,9483779.0
5160071.0,40147476.0,17845428.0,7925038.0,27392525.0,24301529.0,20909763.0,5160071.0,40147476.0,17845428.0,7925038.0,27392525.0,24301529.0,20909763.0
35250058.0,5160071.0,40147476.0,17845428.0,7925038.0,27392525.0,24301529.0,35250058.0,5160071.0,40147476.0,17845428.0,7925038.0,27392525.0,24301529.0
25699234.0,35250058.0,5160071.0,40147476.0,17845428.0,7925038.0,27392525.0,25699234.0,35250058.0,5160071.0,40147476.0,17845428.0,7925038.0,27392525.0
-11435642.0,25699234.0,35250058.0,5160071.0,40147476.0,17845428.0,7925038.0,-11435642.0,25699234.0,35250058.0,5160071.0,40147476.0,17845428.0,7925038.0
1012230.0,-11435642.0,25699234.0,35250058.0,5160071.0,40147476.0,17845428.0,1012230.0,-11435642.0,25699234.0,35250058.0,5160071.0,40147476.0,17845428.0
11540727.0,1012230.0,-11435642.0,25699234.0,35250058.0,5160071.0,40147476.0,11540727.0,1012230.0,-11435642.0,25699234.0,35250058.0,5160071.0,40147476.0
14826219.0,11540727.0,1012230.0,-11435642.0,25699234.0,35250058.0,5160071.0,14826219.0,11540727.0,1012230.0,-11435642.0,25699234.0,35250058.0,5160071.0
42121003.0,14826219.0,11540727.0,1012230.0,-11435642.0,25699234.0,35250058.0,42121003.0,14826219.0,11540727.0,1012230.0,-11435642.0,25699234.0,35250058.0
14731379.0,42121003.0,14826219.0,11540727.0,1012230.0,-11435642.0,25699234.0,14731379.0,42121003.0,14826219.0,11540727.0,1012230.0,-11435642.0,25699234.0
37458871.0,14731379.0,42121003.0,14826219.0,11540727.0,1012230.0,-11435642.0,37458871.0,14731379.0,42121003.0,14826219.0,11540727.0,1012230.0,-11435642.0
31612930.0,37458871.0,14731379.0,42121003.0,14826219.0,11540727.0,1012230.0,31612930.0,37458871.0,14731379.0,42121003.0,14826219.0,11540727.0,1012230.0
24563575.0,31612930.0,37458871.0,14731379.0,42121003.0,14826219.0,11540727.0,24563575.0,31612930.0,37458871.0,14731379.0,42121003.0,14826219.0,11540727.0
15905166.0,24563575.0,31612930.0,37458871.0,14731379.0,42121003.0,14826219.0,15905166.0,24563575.0,31612930.0,37458871.0,14731379.0,42121003.0,14826219.0
31971365.0,15905166.0,24563575.0,31612930.0,37458871.0,14731379.0,42121003.0,31971365.0,15905166.0,24563575.0,31612930.0,37458871.0,14731379.0,42121003.0
5416768.0,31971365.0,15905166.0,24563575.0,31612930.0,37458871.0,14731379.0,5416768.0,31971365.0,15905166.0,24563575.0,31612930.0,37458871.0,14731379.0
33035648.0,5416768.0,31971365.0,15905166.0,24563575.0,31612930.0,37458871.0,33035648.0,5416768.0,31971365.0,15905166.0,24563575.0,31612930.0,37458871.0
19424243.0,33035648.0,5416768.0,31971365.0,15905166.0,24563575.0,31612930.0,19424243.0,33035648.0,5416768.0,31971365.0,15905166.0,24563575.0,31612930.0
47431370.0,19424243.0,33035648.0,5416768.0,31971365.0,15905166.0,24563575.0,47431370.0,19424243.0,33035648.0,5416768.0,31971365.0,15905166.0,24563575.0
33238858.0,47431370.0,19424243.0,33035648.0,5416768.0,31971365.0,15905166.0,33238858.0,47431370.0,19424243.0,33035648.0,5416768.0,31971365.0,15905166.0
37416989.0,33238858.0,47431370.0,19424243.0,33035648.0,5416768.0,31971365.0,37416989.0,33238858.0,47431370.0,19424243.0,33035648.0,5416768.0,31971365.0
12115512.0,37416989.0,33238858.0,47431370.0,19424243.0,33035648.0,5416768.0,12115512.0,37416989.0,33238858.0,47431370.0,19424243.0,33035648.0,5416768.0
21571139.0,12115512.0,37416989.0,33238858.0,47431370.0,19424243.0,33035648.0,21571139.0,12115512.0,37416989.0,33238858.0,47431370.0,19424243.0,33035648.0
90122962.0,21571139.0,12115512.0,37416989.0,33238858.0,47431370.0,19424243.0,90122962.0,21571139.0,12115512.0,37416989.0,33238858.0,47431370.0,19424243.0
54187180.0,90122962.0,21571139.0,12115512.0,37416989.0,33238858.0,47431370.0,54187180.0,90122962.0,21571139.0,12115512.0,37416989.0,33238858.0,47431370.0
24191530.0,54187180.0,90122962.0,21571139.0,12115512.0,37416989.0,33238858.0,24191530.0,54187180.0,90122962.0,21571139.0,12115512.0,37416989.0,33238858.0
29766287.0,24191530.0,54187180.0,90122962.0,21571139.0,12115512.0,37416989.0,29766287.0,24191530.0,54187180.0,90122962.0,21571139.0,12115512.0,37416989.0
17891197.0,29766287.0,24191530.0,54187180.0,90122962.0,21571139.0,12115512.0,17891197.0,29766287.0,24191530.0,54187180.0,90122962.0,21571139.0,12115512.0
38422688.0,17891197.0,29766287.0,24191530.0,54187180.0,90122962.0,21571139.0,38422688.0,17891197.0,29766287.0,24191530.0,54187180.0,90122962.0,21571139.0
-16616873.0,38422688.0,17891197.0,29766287.0,24191530.0,54187180.0,90122962.0,-16616873.0,38422688.0,17891197.0,29766287.0,24191530.0,54187180.0,90122962.0
10774031.0,-16616873.0,38422688.0,17891197.0,29766287.0,24191530.0,54187180.0,10774031.0,-16616873.0,38422688.0,17891197.0,29766287.0,24191530.0,54187180.0
29286182.0,10774031.0,-16616873.0,38422688.0,17891197.0,29766287.0,24191530.0,29286182.0,10774031.0,-16616873.0,38422688.0,17891197.0,29766287.0,24191530.0
52642732.0,29286182.0,10774031.0,-16616873.0,38422688.0,17891197.0,29766287.0,52642732.0,29286182.0,10774031.0,-16616873.0,38422688.0,17891197.0,29766287.0
17349556.0,52642732.0,29286182.0,10774031.0,-16616873.0,38422688.0,17891197.0,17349556.0,52642732.0,29286182.0,10774031.0,-16616873.0,38422688.0,17891197.0
29654195.0,17349556.0,52642732.0,29286182.0,10774031.0,-16616873.0,38422688.0,29654195.0,17349556.0,52642732.0,29286182.0,10774031.0,-16616873.0,38422688.0
9098182.0,29654195.0,17349556.0,52642732.0,29286182.0,10774031.0,-16616873.0,9098182.0,29654195.0,17349556.0,52642732.0,29286182.0,10774031.0,-16616873.0
-1422748.0,9098182.0,29654195.0,17349556.0,52642732.0,29286182.0,10774031.0,-1422748.0,9098182.0,29654195.0,17349556.0,52642732.0,29286182.0,10774031.0
15050607.0,-1422748.0,9098182.0,29654195.0,17349556.0,52642732.0,29286182.0,15050607.0,-1422748.0,9098182.0,29654195.0,17349556.0,52642732.0,29286182.0
13989358.0,15050607.0,-1422748.0,9098182.0,29654195.0,17349556.0,52642732.0,13989358.0,15050607.0,-1422748.0,9098182.0,29654195.0,17349556.0,52642732.0
5306806.0,13989358.0,15050607.0,-1422748.0,9098182.0,29654195.0,17349556.0,5306806.0,13989358.0,15050607.0,-1422748.0,9098182.0,29654195.0,17349556.0
-7448795.0,5306806.0,13989358.0,15050607.0,-1422748.0,9098182.0,29654195.0,-7448795.0,5306806.0,13989358.0,15050607.0,-1422748.0,9098182.0,29654195.0
10822049.0,-7448795.0,5306806.0,13989358.0,15050607.0,-1422748.0,9098182.0,10822049.0,-7448795.0,5306806.0,13989358.0,15050607.0,-1422748.0,9098182.0
8225266.0,10822049.0,-7448795.0,5306806.0,13989358.0,15050607.0,-1422748.0,8225266.0,10822049.0,-7448795.0,5306806.0,13989358.0,15050607.0,-1422748.0
25584298.0,8225266.0,10822049.0,-7448795.0,5306806.0,13989358.0,15050607.0,25584298.0,8225266.0,10822049.0,-7448795.0,5306806.0,13989358.0,15050607.0
-25875749.0,25584298.0,8225266.0,10822049.0,-7448795.0,5306806.0,13989358.0,-25875749.0,25584298.0,8225266.0,10822049.0,-7448795.0,5306806.0,13989358.0
54289317.0,-25875749.0,25584298.0,8225266.0,10822049.0,-7448795.0,5306806.0,54289317.0,-25875749.0,25584298.0,8225266.0,10822049.0,-7448795.0,5306806.0
40728646.0,54289317.0,-25875749.0,25584298.0,8225266.0,10822049.0,-7448795.0,40728646.0,54289317.0,-25875749.0,25584298.0,8225266.0,10822049.0,-7448795.0
57509580.0,40728646.0,54289317.0,-25875749.0,25584298.0,8225266.0,10822049.0,57509580.0,40728646.0,54289317.0,-25875749.0,25584298.0,8225266.0,10822049.0
37199459.0,57509580.0,40728646.0,54289317.0,-25875749.0,25584298.0,8225266.0,37199459.0,57509580.0,40728646.0,54289317.0,-25875749.0,25584298.0,8225266.0
58588593.0,37199459.0,57509580.0,40728646.0,54289317.0,-25875749.0,25584298.0,58588593.0,37199459.0,57509580.0,40728646.0,54289317.0,-25875749.0,25584298.0
-6506852.0,58588593.0,37199459.0,57509580.0,40728646.0,54289317.0,-25875749.0,-6506852.0,58588593.0,37199459.0,57509580.0,40728646.0,54289317.0,-25875749.0
116914829.0,-6506852.0,58588593.0,37199459.0,57509580.0,40728646.0,54289317.0,116914829.0,-6506852.0,58588593.0,37199459.0,57509580.0,40728646.0,54289317.0
50489283.0,116914829.0,-6506852.0,58588593.0,37199459.0,57509580.0,40728646.0,50489283.0,116914829.0,-6506852.0,58588593.0,37199459.0,57509580.0,40728646.0
116295125.0,50489283.0,116914829.0,-6506852.0,58588593.0,37199459.0,57509580.0,116295125.0,50489283.0,116914829.0,-6506852.0,58588593.0,37199459.0,57509580.0
27836902.0,116295125.0,50489283.0,116914829.0,-6506852.0,58588593.0,37199459.0,27836902.0,116295125.0,50489283.0,116914829.0,-6506852.0,58588593.0,37199459.0
50929556.0,27836902.0,116295125.0,50489283.0,116914829.0,-6506852.0,58588593.0,50929556.0,27836902.0,116295125.0,50489283.0,116914829.0,-6506852.0,58588593.0
35025298.0,50929556.0,27836902.0,116295125.0,50489283.0,116914829.0,-6506852.0,35025298.0,50929556.0,27836902.0,116295125.0,50489283.0,116914829.0,-6506852.0
50905595.0,35025298.0,50929556.0,27836902.0,116295125.0,50489283.0,116914829.0,50905595.0,35025298.0,50929556.0,27836902.0,116295125.0,50489283.0,116914829.0
5678244.0,50905595.0,35025298.0,50929556.0,27836902.0,116295125.0,50489283.0,5678244.0,50905595.0,35025298.0,50929556.0,27836902.0,116295125.0,50489283.0
50510527.0,5678244.0,50905595.0,35025298.0,50929556.0,27836902.0,116295125.0,50510527.0,5678244.0,50905595.0,35025298.0,50929556.0,27836902.0,116295125.0
55174525.0,50510527.0,5678244.0,50905595.0,35025298.0,50929556.0,27836902.0,55174525.0,50510527.0,5678244.0,50905595.0,35025298.0,50929556.0,27836902.0
8536035.0,55174525.0,50510527.0,5678244.0,50905595.0,35025298.0,50929556.0,8536035.0,55174525.0,50510527.0,5678244.0,50905595.0,35025298.0,50929556.0
10189085.0,8536035.0,55174525.0,50510527.0,5678244.0,50905595.0,35025298.0,10189085.0,8536035.0,55174525.0,50510527.0,5678244.0,50905595.0,35025298.0
61648207.0,10189085.0,8536035.0,55174525.0,50510527.0,5678244.0,50905595.0,61648207.0,10189085.0,8536035.0,55174525.0,50510527.0,5678244.0,50905595.0
32713766.0,61648207.0,10189085.0,8536035.0,55174525.0,50510527.0,5678244.0,32713766.0,61648207.0,10189085.0,8536035.0,55174525.0,50510527.0,5678244.0
108239732.0,32713766.0,61648207.0,10189085.0,8536035.0,55174525.0,50510527.0,108239732.0,32713766.0,61648207.0,10189085.0,8536035.0,55174525.0,50510527.0
95204148.0,108239732.0,32713766.0,61648207.0,10189085.0,8536035.0,55174525.0,95204148.0,108239732.0,32713766.0,61648207.0,10189085.0,8536035.0,55174525.0
60059826.0,95204148.0,108239732.0,32713766.0,61648207.0,10189085.0,8536035.0,60059826.0,95204148.0,108239732.0,32713766.0,61648207.0,10189085.0,8536035.0
11813392.0,60059826.0,95204148.0,108239732.0,32713766.0,61648207.0,10189085.0,11813392.0,60059826.0,95204148.0,108239732.0,32713766.0,61648207.0,10189085.0
43374531.0,11813392.0,60059826.0,95204148.0,108239732.0,32713766.0,61648207.0,43374531.0,11813392.0,60059826.0,95204148.0,108239732.0,32713766.0,61648207.0
38818586.0,43374531.0,11813392.0,60059826.0,95204148.0,108239732.0,32713766.0,38818586.0,43374531.0,11813392.0,60059826.0,95204148.0,108239732.0,32713766.0
75956142.0,38818586.0,43374531.0,11813392.0,60059826.0,95204148.0,108239732.0,75956142.0,38818586.0,43374531.0,11813392.0,60059826.0,95204148.0,108239732.0
26386662.0,75956142.0,38818586.0,43374531.0,11813392.0,60059826.0,95204148.0,26386662.0,75956142.0,38818586.0,43374531.0,11813392.0,60059826.0,95204148.0
41526920.0,26386662.0,75956142.0,38818586.0,43374531.0,11813392.0,60059826.0,41526920.0,26386662.0,75956142.0,38818586.0,43374531.0,11813392.0,60059826.0
45384964.0,41526920.0,26386662.0,75956142.0,38818586.0,43374531.0,11813392.0,45384964.0,41526920.0,26386662.0,75956142.0,38818586.0,43374531.0,11813392.0
69767293.0,45384964.0,41526920.0,26386662.0,75956142.0,38818586.0,43374531.0,69767293.0,45384964.0,41526920.0,26386662.0,75956142.0,38818586.0,43374531.0
150055888.0,69767293.0,45384964.0,41526920.0,26386662.0,75956142.0,38818586.0,150055888.0,69767293.0,45384964.0,41526920.0,26386662.0,75956142.0,38818586.0
64404852.0,150055888.0,69767293.0,45384964.0,41526920.0,26386662.0,75956142.0,64404852.0,150055888.0,69767293.0,45384964.0,41526920.0,26386662.0,75956142.0
35153018.0,64404852.0,150055888.0,69767293.0,45384964.0,41526920.0,26386662.0,35153018.0,64404852.0,150055888.0,69767293.0,45384964.0,41526920.0,26386662.0
-102648217.0,35153018.0,64404852.0,150055888.0,69767293.0,45384964.0,41526920.0,-102648217.0,35153018.0,64404852.0,150055888.0,69767293.0,45384964.0,41526920.0
99093148.0,-102648217.0,35153018.0,64404852.0,150055888.0,69767293.0,45384964.0,99093148.0,-102648217.0,35153018.0,64404852.0,150055888.0,69767293.0,45384964.0
104074209.0,99093148.0,-102648217.0,35153018.0,64404852.0,150055888.0,69767293.0,104074209.0,99093148.0,-102648217.0,35153018.0,64404852.0,150055888.0,69767293.0
106010997.0,104074209.0,99093148.0,-102648217.0,35153018.0,64404852.0,150055888.0,106010997.0,104074209.0,99093148.0,-102648217.0,35153018.0,64404852.0,150055888.0
71732246.0,106010997.0,104074209.0,99093148.0,-102648217.0,35153018.0,64404852.0,71732246.0,106010997.0,104074209.0,99093148.0,-102648217.0,35153018.0,64404852.0
47037197.0,71732246.0,106010997.0,104074209.0,99093148.0,-102648217.0,35153018.0,47037197.0,71732246.0,106010997.0,104074209.0,99093148.0,-102648217.0,35153018.0
63437132.0,47037197.0,71732246.0,106010997.0,104074209.0,99093148.0,-102648217.0,63437132.0,47037197.0,71732246.0,106010997.0,104074209.0,99093148.0,-102648217.0
79405022.0,63437132.0,47037197.0,71732246.0,106010997.0,104074209.0,99093148.0,79405022.0,63437132.0,47037197.0,71732246.0,106010997.0,104074209.0,99093148.0
105929738.0,79405022.0,63437132.0,47037197.0,71732246.0,106010997.0,104074209.0,105929738.0,79405022.0,63437132.0,47037197.0,71732246.0,106010997.0,104074209.0
65896927.0,105929738.0,79405022.0,63437132.0,47037197.0,71732246.0,106010997.0,65896927.0,105929738.0,79405022.0,63437132.0,47037197.0,71732246.0,106010997.0
160869054.0,65896927.0,105929738.0,79405022.0,63437132.0,47037197.0,71732246.0,160869054.0,65896927.0,105929738.0,79405022.0,63437132.0,47037197.0,71732246.0
72517059.0,160869054.0,65896927.0,105929738.0,79405022.0,63437132.0,47037197.0,72517059.0,160869054.0,65896927.0,105929738.0,79405022.0,63437132.0,47037197.0
-3214128.0,72517059.0,160869054.0,65896927.0,105929738.0,79405022.0,63437132.0,-3214128.0,72517059.0,160869054.0,65896927.0,105929738.0,79405022.0,63437132.0
37166919.0,-3214128.0,72517059.0,160869054.0,65896927.0,105929738.0,79405022.0,37166919.0,-3214128.0,72517059.0,160869054.0,65896927.0,105929738.0,79405022.0
96793009.0,37166919.0,-3214128.0,72517059.0,160869054.0,65896927.0,105929738.0,96793009.0,37166919.0,-3214128.0,72517059.0,160869054.0,65896927.0,105929738.0
101477978.0,96793009.0,37166919.0,-3214128.0,72517059.0,160869054.0,65896927.0,101477978.0,96793009.0,37166919.0,-3214128.0,72517059.0,160869054.0,65896927.0
-26373574.0,101477978.0,96793009.0,37166919.0,-3214128.0,72517059.0,160869054.0,-26373574.0,101477978.0,96793009.0,37166919.0,-3214128.0,72517059.0,160869054.0
45446947.0,-26373574.0,101477978.0,96793009.0,37166919.0,-3214128.0,72517059.0,45446947.0,-26373574.0,101477978.0,96793009.0,37166919.0,-3214128.0,72517059.0
48593702.0,45446947.0,-26373574.0,101477978.0,96793009.0,37166919.0,-3214128.0,48593702.0,45446947.0,-26373574.0,101477978.0,96793009.0,37166919.0,-3214128.0
18226708.0,48593702.0,45446947.0,-26373574.0,101477978.0,96793009.0,37166919.0,18226708.0,48593702.0,45446947.0,-26373574.0,101477978.0,96793009.0,37166919.0
83788996.0,18226708.0,48593702.0,45446947.0,-26373574.0,101477978.0,96793009.0,83788996.0,18226708.0,48593702.0,45446947.0,-26373574.0,101477978.0,96793009.0
100722334.0,83788996.0,18226708.0,48593702.0,45446947.0,-26373574.0,101477978.0,100722334.0,83788996.0,18226708.0,48593702.0,45446947.0,-26373574.0,101477978.0
71248883.0,100722334.0,83788996.0,18226708.0,48593702.0,45446947.0,-26373574.0,71248883.0,100722334.0,83788996.0,18226708.0,48593702.0,45446947.0,-26373574.0
161993852.0,71248883.0,100722334.0,83788996.0,18226708.0,48593702.0,45446947.0,161993852.0,71248883.0,100722334.0,83788996.0,18226708.0,48593702.0,45446947.0
77063403.0,161993852.0,71248883.0,100722334.0,83788996.0,18226708.0,48593702.0,77063403.0,161993852.0,71248883.0,100722334.0,83788996.0,18226708.0,48593702.0
105871155.0,77063403.0,161993852.0,71248883.0,100722334.0,83788996.0,18226708.0,105871155.0,77063403.0,161993852.0,71248883.0,100722334.0,83788996.0,18226708.0
62580721.0,105871155.0,77063403.0,161993852.0,71248883.0,100722334.0,83788996.0,62580721.0,105871155.0,77063403.0,161993852.0,71248883.0,100722334.0,83788996.0
73883753.0,62580721.0,105871155.0,77063403.0,161993852.0,71248883.0,100722334.0,73883753.0,62580721.0,105871155.0,77063403.0,161993852.0,71248883.0,100722334.0
62257316.0,73883753.0,62580721.0,105871155.0,77063403.0,161993852.0,71248883.0,62257316.0,73883753.0,62580721.0,105871155.0,77063403.0,161993852.0,71248883.0
203043628.0,62257316.0,73883753.0,62580721.0,105871155.0,77063403.0,161993852.0,203043628.0,62257316.0,73883753.0,62580721.0,105871155.0,77063403.0,161993852.0
189898333.0,203043628.0,62257316.0,73883753.0,62580721.0,105871155.0,77063403.0,189898333.0,203043628.0,62257316.0,73883753.0,62580721.0,105871155.0,77063403.0
54728249.0,189898333.0,203043628.0,62257316.0,73883753.0,62580721.0,105871155.0,54728249.0,189898333.0,203043628.0,62257316.0,73883753.0,62580721.0,105871155.0
63278932.0,54728249.0,189898333.0,203043628.0,62257316.0,73883753.0,62580721.0,63278932.0,54728249.0,189898333.0,203043628.0,62257316.0,73883753.0,62580721.0
61588795.0,63278932.0,54728249.0,189898333.0,203043628.0,62257316.0,73883753.0,61588795.0,63278932.0,54728249.0,189898333.0,203043628.0,62257316.0,73883753.0
59721798.0,61588795.0,63278932.0,54728249.0,189898333.0,203043628.0,62257316.0,59721798.0,61588795.0,63278932.0,54728249.0,189898333.0,203043628.0,62257316.0
101963574.0,59721798.0,61588795.0,63278932.0,54728249.0,189898333.0,203043628.0,101963574.0,59721798.0,61588795.0,63278932.0,54728249.0,189898333.0,203043628.0
103707405.0,101963574.0,59721798.0,61588795.0,63278932.0,54728249.0,189898333.0,103707405.0,101963574.0,59721798.0,61588795.0,63278932.0,54728249.0,189898333.0
99425120.0,103707405.0,101963574.0,59721798.0,61588795.0,63278932.0,54728249.0,99425120.0,103707405.0,101963574.0,59721798.0,61588795.0,63278932.0,54728249.0
31655430.0,99425120.0,103707405.0,101963574.0,59721798.0,61588795.0,63278932.0,31655430.0,99425120.0,103707405.0,101963574.0,59721798.0,61588795.0,63278932.0
-17011339.0,31655430.0,99425120.0,103707405.0,101963574.0,59721798.0,61588795.0,-17011339.0,31655430.0,99425120.0,103707405.0,101963574.0,59721798.0,61588795.0
31908620.0,-17011339.0,31655430.0,99425120.0,103707405.0,101963574.0,59721798.0,31908620.0,-17011339.0,31655430.0,99425120.0,103707405.0,101963574.0,59721798.0
83681452.0,31908620.0,-17011339.0,31655430.0,99425120.0,103707405.0,101963574.0,83681452.0,31908620.0,-17011339.0,31655430.0,99425120.0,103707405.0,101963574.0
10443620.0,83681452.0,31908620.0,-17011339.0,31655430.0,99425120.0,103707405.0,10443620.0,83681452.0,31908620.0,-17011339.0,31655430.0,99425120.0,103707405.0
49347685.0,10443620.0,83681452.0,31908620.0,-17011339.0,31655430.0,99425120.0,49347685.0,10443620.0,83681452.0,31908620.0,-17011339.0,31655430.0,99425120.0
-58968890.0,49347685.0,10443620.0,83681452.0,31908620.0,-17011339.0,31655430.0,-58968890.0,49347685.0,10443620.0,83681452.0,31908620.0,-17011339.0,31655430.0
41170852.0,-58968890.0,49347685.0,10443620.0,83681452.0,31908620.0,-17011339.0,41170852.0,-58968890.0,49347685.0,10443620.0,83681452.0,31908620.0,-17011339.0
-78518681.0,41170852.0,-58968890.0,49347685.0,10443620.0,83681452.0,31908620.0,-78518681.0,41170852.0,-58968890.0,49347685.0,10443620.0,83681452.0,31908620.0
98003546.0,-78518681.0,41170852.0,-58968890.0,49347685.0,10443620.0,83681452.0,98003546.0,-78518681.0,41170852.0,-58968890.0,49347685.0,10443620.0,83681452.0
99109577.0,98003546.0,-78518681.0,41170852.0,-58968890.0,49347685.0,10443620.0,99109577.0,98003546.0,-78518681.0,41170852.0,-58968890.0,49347685.0,10443620.0
182505320.0,99109577.0,98003546.0,-78518681.0,41170852.0,-58968890.0,49347685.0,182505320.0,99109577.0,98003546.0,-78518681.0,41170852.0,-58968890.0,49347685.0
213720272.0,182505320.0,99109577.0,98003546.0,-78518681.0,41170852.0,-58968890.0,213720272.0,182505320.0,99109577.0,98003546.0,-78518681.0,41170852.0,-58968890.0
258789312.0,213720272.0,182505320.0,99109577.0,98003546.0,-78518681.0,41170852.0,258789312.0,213720272.0,182505320.0,99109577.0,98003546.0,-78518681.0,41170852.0
176637959.0,258789312.0,213720272.0,182505320.0,99109577.0,98003546.0,-78518681.0,176637959.0,258789312.0,213720272.0,182505320.0,99109577.0,98003546.0,-78518681.0
175974888.0,176637959.0,258789312.0,213720272.0,182505320.0,99109577.0,98003546.0,175974888.0,176637959.0,258789312.0,213720272.0,182505320.0,99109577.0,98003546.0
84109270.0,175974888.0,176637959.0,258789312.0,213720272.0,182505320.0,99109577.0,84109270.0,175974888.0,176637959.0,258789312.0,213720272.0,182505320.0,99109577.0
214518640.0,84109270.0,175974888.0,176637959.0,258789312.0,213720272.0,182505320.0,214518640.0,84109270.0,175974888.0,176637959.0,258789312.0,213720272.0,182505320.0
232450509.0,214518640.0,84109270.0,175974888.0,176637959.0,258789312.0,213720272.0,232450509.0,214518640.0,84109270.0,175974888.0,176637959.0,258789312.0,213720272.0
229698154.0,232450509.0,214518640.0,84109270.0,175974888.0,176637959.0,258789312.0,229698154.0,232450509.0,214518640.0,84109270.0,175974888.0,176637959.0,258789312.0
156228213.0,229698154.0,232450509.0,214518640.0,84109270.0,175974888.0,176637959.0,156228213.0,229698154.0,232450509.0,214518640.0,84109270.0,175974888.0,176637959.0
223840978.0,156228213.0,229698154.0,232450509.0,214518640.0,84109270.0,175974888.0,223840978.0,156228213.0,229698154.0,232450509.0,214518640.0,84109270.0,175974888.0
177134258.0,223840978.0,156228213.0,229698154.0,232450509.0,214518640.0,84109270.0,177134258.0,223840978.0,156228213.0,229698154.0,232450509.0,214518640.0,84109270.0
61468829.0,177134258.0,223840978.0,156228213.0,229698154.0,232450509.0,214518640.0,61468829.0,177134258.0,223840978.0,156228213.0,229698154.0,232450509.0,214518640.0
112087352.0,61468829.0,177134258.0,223840978.0,156228213.0,229698154.0,232450509.0,112087352.0,61468829.0,177134258.0,223840978.0,156228213.0,229698154.0,232450509.0
127753957.0,112087352.0,61468829.0,177134258.0,223840978.0,156228213.0,229698154.0,127753957.0,112087352.0,61468829.0,177134258.0,223840978.0,156228213.0,229698154.0
142224492.0,127753957.0,112087352.0,61468829.0,177134258.0,223840978.0,156228213.0,142224492.0,127753957.0,112087352.0,61468829.0,177134258.0,223840978.0,156228213.0
118413732.0,142224492.0,127753957.0,112087352.0,61468829.0,177134258.0,223840978.0,118413732.0,142224492.0,127753957.0,112087352.0,61468829.0,177134258.0,223840978.0
353632250.0,118413732.0,142224492.0,127753957.0,112087352.0,61468829.0,177134258.0,353632250.0,118413732.0,142224492.0,127753957.0,112087352.0,61468829.0,177134258.0
107782510.0,353632250.0,118413732.0,142224492.0,127753957.0,112087352.0,61468829.0,107782510.0,353632250.0,118413732.0,142224492.0,127753957.0,112087352.0,61468829.0
77050812.0,107782510.0,353632250.0,118413732.0,142224492.0,127753957.0,112087352.0,77050812.0,107782510.0,353632250.0,118413732.0,142224492.0,127753957.0,112087352.0
183676975.0,77050812.0,107782510.0,353632250.0,118413732.0,142224492.0,127753957.0,183676975.0,77050812.0,107782510.0,353632250.0,118413732.0,142224492.0,127753957.0
52054939.0,183676975.0,77050812.0,107782510.0,353632250.0,118413732.0,142224492.0,52054939.0,183676975.0,77050812.0,107782510.0,353632250.0,118413732.0,142224492.0
160371426.0,52054939.0,183676975.0,77050812.0,107782510.0,353632250.0,118413732.0,160371426.0,52054939.0,183676975.0,77050812.0,107782510.0,353632250.0,118413732.0
279134292.0,160371426.0,52054939.0,183676975.0,77050812.0,107782510.0,353632250.0,279134292.0,160371426.0,52054939.0,183676975.0,77050812.0,107782510.0,353632250.0
-38376166.0,279134292.0,160371426.0,52054939.0,183676975.0,77050812.0,107782510.0,-38376166.0,279134292.0,160371426.0,52054939.0,183676975.0,77050812.0,107782510.0
261859647.0,-38376166.0,279134292.0,160371426.0,52054939.0,183676975.0,77050812.0,261859647.0,-38376166.0,279134292.0,160371426.0,52054939.0,183676975.0,77050812.0
218181238.0,261859647.0,-38376166.0,279134292.0,160371426.0,52054939.0,183676975.0,218181238.0,261859647.0,-38376166.0,279134292.0,160371426.0,52054939.0,183676975.0
232597325.0,218181238.0,261859647.0,-38376166.0,279134292.0,160371426.0,52054939.0,232597325.0,218181238.0,261859647.0,-38376166.0,279134292.0,160371426.0,52054939.0
455191896.0,232597325.0,218181238.0,261859647.0,-38376166.0,279134292.0,160371426.0,455191896.0,232597325.0,218181238.0,261859647.0,-38376166.0,279134292.0,160371426.0
613895329.0,455191896.0,232597325.0,218181238.0,261859647.0,-38376166.0,279134292.0,613895329.0,455191896.0,232597325.0,218181238.0,261859647.0,-38376166.0,279134292.0
909221144.0,613895329.0,455191896.0,232597325.0,218181238.0,261859647.0,-38376166.0,909221144.0,613895329.0,455191896.0,232597325.0,218181238.0,261859647.0,-38376166.0
142754788.0,909221144.0,613895329.0,455191896.0,232597325.0,218181238.0,261859647.0,142754788.0,909221144.0,613895329.0,455191896.0,232597325.0,218181238.0,261859647.0
60998635.0,142754788.0,909221144.0,613895329.0,455191896.0,232597325.0,218181238.0,60998635.0,142754788.0,909221144.0,613895329.0,455191896.0,232597325.0,218181238.0
49700107.0,60998635.0,142754788.0,909221144.0,613895329.0,455191896.0,232597325.0,49700107.0,60998635.0,142754788.0,909221144.0,613895329.0,455191896.0,232597325.0
51633623.0,49700107.0,60998635.0,142754788.0,909221144.0,613895329.0,455191896.0,51633623.0,49700107.0,60998635.0,142754788.0,909221144.0,613895329.0,455191896.0
-6768224.0,51633623.0,49700107.0,60998635.0,142754788.0,909221144.0,613895329.0,-6768224.0,51633623.0,49700107.0,60998635.0,142754788.0,909221144.0,613895329.0
31248376.0,-6768224.0,51633623.0,49700107.0,60998635.0,142754788.0,909221144.0,31248376.0,-6768224.0,51633623.0,49700107.0,60998635.0,142754788.0,909221144.0
92019422.0,31248376.0,-6768224.0,51633623.0,49700107.0,60998635.0,142754788.0,92019422.0,31248376.0,-6768224.0,51633623.0,49700107.0,60998635.0,142754788.0
135875401.0,92019422.0,31248376.0,-6768224.0,51633623.0,49700107.0,60998635.0,135875401.0,92019422.0,31248376.0,-6768224.0,51633623.0,49700107.0,60998635.0
265173986.0,135875401.0,92019422.0,31248376.0,-6768224.0,51633623.0,49700107.0,265173986.0,135875401.0,92019422.0,31248376.0,-6768224.0,51633623.0,49700107.0
180662896.0,265173986.0,135875401.0,92019422.0,31248376.0,-6768224.0,51633623.0,180662896.0,265173986.0,135875401.0,92019422.0,31248376.0,-6768224.0,51633623.0
193395154.0,180662896.0,265173986.0,135875401.0,92019422.0,31248376.0,-6768224.0,193395154.0,180662896.0,265173986.0,135875401.0,92019422.0,31248376.0,-6768224.0
213687706.0,193395154.0,180662896.0,265173986.0,135875401.0,92019422.0,31248376.0,213687706.0,193395154.0,180662896.0,265173986.0,135875401.0,92019422.0,31248376.0
355230877.0,213687706.0,193395154.0,180662896.0,265173986.0,135875401.0,92019422.0,355230877.0,213687706.0,193395154.0,180662896.0,265173986.0,135875401.0,92019422.0
125885616.0,355230877.0,213687706.0,193395154.0,180662896.0,265173986.0,135875401.0,125885616.0,355230877.0,213687706.0,193395154.0,180662896.0,265173986.0,135875401.0
160133173.0,125885616.0,355230877.0,213687706.0,193395154.0,180662896.0,265173986.0,160133173.0,125885616.0,355230877.0,213687706.0,193395154.0,180662896.0,265173986.0
288959492.0,160133173.0,125885616.0,355230877.0,213687706.0,193395154.0,180662896.0,288959492.0,160133173.0,125885616.0,355230877.0,213687706.0,193395154.0,180662896.0
194974234.0,288959492.0,160133173.0,125885616.0,355230877.0,213687706.0,193395154.0,194974234.0,288959492.0,160133173.0,125885616.0,355230877.0,213687706.0,193395154.0
221818125.0,194974234.0,288959492.0,160133173.0,125885616.0,355230877.0,213687706.0,221818125.0,194974234.0,288959492.0,160133173.0,125885616.0,355230877.0,213687706.0
360786612.0,221818125.0,194974234.0,288959492.0,160133173.0,125885616.0,355230877.0,360786612.0,221818125.0,194974234.0,288959492.0,160133173.0,125885616.0,355230877.0
176511903.0,360786612.0,221818125.0,194974234.0,288959492.0,160133173.0,125885616.0,176511903.0,360786612.0,221818125.0,194974234.0,288959492.0,160133173.0,125885616.0
395322944.0,176511903.0,360786612.0,221818125.0,194974234.0,288959492.0,160133173.0,395322944.0,176511903.0,360786612.0,221818125.0,194974234.0,288959492.0,160133173.0
250450105.0,395322944.0,176511903.0,360786612.0,221818125.0,194974234.0,288959492.0,250450105.0,395322944.0,176511903.0,360786612.0,221818125.0,194974234.0,288959492.0
188173966.0,250450105.0,395322944.0,176511903.0,360786612.0,221818125.0,194974234.0,188173966.0,250450105.0,395322944.0,176511903.0,360786612.0,221818125.0,194974234.0
105778015.0,188173966.0,250450105.0,395322944.0,176511903.0,360786612.0,221818125.0,105778015.0,188173966.0,250450105.0,395322944.0,176511903.0,360786612.0,221818125.0
71373102.0,105778015.0,188173966.0,250450105.0,395322944.0,176511903.0,360786612.0,71373102.0,105778015.0,188173966.0,250450105.0,395322944.0,176511903.0,360786612.0
268688783.0,71373102.0,105778015.0,188173966.0,250450105.0,395322944.0,176511903.0,268688783.0,71373102.0,105778015.0,188173966.0,250450105.0,395322944.0,176511903.0
364157751.0,268688783.0,71373102.0,105778015.0,188173966.0,250450105.0,395322944.0,364157751.0,268688783.0,71373102.0,105778015.0,188173966.0,250450105.0,395322944.0
9735327.0,364157751.0,268688783.0,71373102.0,105778015.0,188173966.0,250450105.0,9735327.0,364157751.0,268688783.0,71373102.0,105778015.0,188173966.0,250450105.0
-123012739.0,9735327.0,364157751.0,268688783.0,71373102.0,105778015.0,188173966.0,-123012739.0,9735327.0,364157751.0,268688783.0,71373102.0,105778015.0,188173966.0
138194579.0,-123012739.0,9735327.0,364157751.0,268688783.0,71373102.0,105778015.0,138194579.0,-123012739.0,9735327.0,364157751.0,268688783.0,71373102.0,105778015.0
66927237.0,138194579.0,-123012739.0,9735327.0,364157751.0,268688783.0,71373102.0,66927237.0,138194579.0,-123012739.0,9735327.0,364157751.0,268688783.0,71373102.0
111992302.0,66927237.0,138194579.0,-123012739.0,9735327.0,364157751.0,268688783.0,111992302.0,66927237.0,138194579.0,-123012739.0,9735327.0,364157751.0,268688783.0
163751298.0,111992302.0,66927237.0,138194579.0,-123012739.0,9735327.0,364157751.0,163751298.0,111992302.0,66927237.0,138194579.0,-123012739.0,9735327.0,364157751.0
243382954.0,163751298.0,111992302.0,66927237.0,138194579.0,-123012739.0,9735327.0,243382954.0,163751298.0,111992302.0,66927237.0,138194579.0,-123012739.0,9735327.0
222287712.0,243382954.0,163751298.0,111992302.0,66927237.0,138194579.0,-123012739.0,222287712.0,243382954.0,163751298.0,111992302.0,66927237.0,138194579.0,-123012739.0
129724849.0,222287712.0,243382954.0,163751298.0,111992302.0,66927237.0,138194579.0,129724849.0,222287712.0,243382954.0,163751298.0,111992302.0,66927237.0,138194579.0
218614489.0,129724849.0,222287712.0,243382954.0,163751298.0,111992302.0,66927237.0,218614489.0,129724849.0,222287712.0,243382954.0,163751298.0,111992302.0,66927237.0
57358406.0,218614489.0,129724849.0,222287712.0,243382954.0,163751298.0,111992302.0,57358406.0,218614489.0,129724849.0,222287712.0,243382954.0,163751298.0,111992302.0
126686862.0,57358406.0,218614489.0,129724849.0,222287712.0,243382954.0,163751298.0,126686862.0,57358406.0,218614489.0,129724849.0,222287712.0,243382954.0,163751298.0
236823528.0,126686862.0,57358406.0,218614489.0,129724849.0,222287712.0,243382954.0,236823528.0,126686862.0,57358406.0,218614489.0,129724849.0,222287712.0,243382954.0
221476834.0,236823528.0,126686862.0,57358406.0,218614489.0,129724849.0,222287712.0,221476834.0,236823528.0,126686862.0,57358406.0,218614489.0,129724849.0,222287712.0
18512427.0,221476834.0,236823528.0,126686862.0,57358406.0,218614489.0,129724849.0,18512427.0,221476834.0,236823528.0,126686862.0,57358406.0,218614489.0,129724849.0
182492077.0,18512427.0,221476834.0,236823528.0,126686862.0,57358406.0,218614489.0,182492077.0,18512427.0,221476834.0,236823528.0,126686862.0,57358406.0,218614489.0
49058572.0,182492077.0,18512427.0,221476834.0,236823528.0,126686862.0,57358406.0,49058572.0,182492077.0,18512427.0,221476834.0,236823528.0,126686862.0,57358406.0
-41058404.0,49058572.0,182492077.0,18512427.0,221476834.0,236823528.0,126686862.0,-41058404.0,49058572.0,182492077.0,18512427.0,221476834.0,236823528.0,126686862.0
31407259.0,-41058404.0,49058572.0,182492077.0,18512427.0,221476834.0,236823528.0,31407259.0,-41058404.0,49058572.0,182492077.0,18512427.0,221476834.0,236823528.0
-8106222.0,31407259.0,-41058404.0,49058572.0,182492077.0,18512427.0,221476834.0,-8106222.0,31407259.0,-41058404.0,49058572.0,182492077.0,18512427.0,221476834.0
-39314976.0,-8106222.0,31407259.0,-41058404.0,49058572.0,182492077.0,18512427.0,-39314976.0,-8106222.0,31407259.0,-41058404.0,49058572.0,182492077.0,18512427.0
-119542689.0,-39314976.0,-8106222.0,31407259.0,-41058404.0,49058572.0,182492077.0,-119542689.0,-39314976.0,-8106222.0,31407259.0,-41058404.0,49058572.0,182492077.0
-1429294.0,-119542689.0,-39314976.0,-8106222.0,31407259.0,-41058404.0,49058572.0,-1429294.0,-119542689.0,-39314976.0,-8106222.0,31407259.0,-41058404.0,49058572.0
-6577255.0,-1429294.0,-119542689.0,-39314976.0,-8106222.0,31407259.0,-41058404.0,-6577255.0,-1429294.0,-119542689.0,-39314976.0,-8106222.0,31407259.0,-41058404.0
-55391023.0,-6577255.0,-1429294.0,-119542689.0,-39314976.0,-8106222.0,31407259.0,-55391023.0,-6577255.0,-1429294.0,-119542689.0,-39314976.0,-8106222.0,31407259.0
6750786.0,-55391023.0,-6577255.0,-1429294.0,-119542689.0,-39314976.0,-8106222.0,6750786.0,-55391023.0,-6577255.0,-1429294.0,-119542689.0,-39314976.0,-8106222.0
12067517.0,6750786.0,-55391023.0,-6577255.0,-1429294.0,-119542689.0,-39314976.0,12067517.0,6750786.0,-55391023.0,-6577255.0,-1429294.0,-119542689.0,-39314976.0
-25019626.0,12067517.0,6750786.0,-55391023.0,-6577255.0,-1429294.0,-119542689.0,-25019626.0,12067517.0,6750786.0,-55391023.0,-6577255.0,-1429294.0,-119542689.0
168714636.0,-25019626.0,12067517.0,6750786.0,-55391023.0,-6577255.0,-1429294.0,168714636.0,-25019626.0,12067517.0,6750786.0,-55391023.0,-6577255.0,-1429294.0
-60382426.0,168714636.0,-25019626.0,12067517.0,6750786.0,-55391023.0,-6577255.0,-60382426.0,168714636.0,-25019626.0,12067517.0,6750786.0,-55391023.0,-6577255.0
-148389304.0,-60382426.0,168714636.0,-25019626.0,12067517.0,6750786.0,-55391023.0,-148389304.0,-60382426.0,168714636.0,-25019626.0,12067517.0,6750786.0,-55391023.0
56754620.0,-148389304.0,-60382426.0,168714636.0,-25019626.0,12067517.0,6750786.0,56754620.0,-148389304.0,-60382426.0,168714636.0,-25019626.0,12067517.0,6750786.0
-95328195.0,56754620.0,-148389304.0,-60382426.0,168714636.0,-25019626.0,12067517.0,-95328195.0,56754620.0,-148389304.0,-60382426.0,168714636.0,-25019626.0,12067517.0
-119755993.0,-95328195.0,56754620.0,-148389304.0,-60382426.0,168714636.0,-25019626.0,-119755993.0,-95328195.0,56754620.0,-148389304.0,-60382426.0,168714636.0,-25019626.0
144377202.0,-119755993.0,-95328195.0,56754620.0,-148389304.0,-60382426.0,168714636.0,144377202.0,-119755993.0,-95328195.0,56754620.0,-148389304.0,-60382426.0,168714636.0
183949315.0,144377202.0,-119755993.0,-95328195.0,56754620.0,-148389304.0,-60382426.0,183949315.0,144377202.0,-119755993.0,-95328195.0,56754620.0,-148389304.0,-60382426.0
42685859.0,183949315.0,144377202.0,-119755993.0,-95328195.0,56754620.0,-148389304.0,42685859.0,183949315.0,144377202.0,-119755993.0,-95328195.0,56754620.0,-148389304.0
64355446.0,42685859.0,183949315.0,144377202.0,-119755993.0,-95328195.0,56754620.0,64355446.0,42685859.0,183949315.0,144377202.0,-119755993.0,-95328195.0,56754620.0
41145448.0,64355446.0,42685859.0,183949315.0,144377202.0,-119755993.0,-95328195.0,41145448.0,64355446.0,42685859.0,183949315.0,144377202.0,-119755993.0,-95328195.0
46824197.0,41145448.0,64355446.0,42685859.0,183949315.0,144377202.0,-119755993.0,46824197.0,41145448.0,64355446.0,42685859.0,183949315.0,144377202.0,-119755993.0
86201842.0,46824197.0,41145448.0,64355446.0,42685859.0,183949315.0,144377202.0,86201842.0,46824197.0,41145448.0,64355446.0,42685859.0,183949315.0,144377202.0
119113041.0,86201842.0,46824197.0,41145448.0,64355446.0,42685859.0,183949315.0,119113041.0,86201842.0,46824197.0,41145448.0,64355446.0,42685859.0,183949315.0
163471718.0,119113041.0,86201842.0,46824197.0,41145448.0,64355446.0,42685859.0,163471718.0,119113041.0,86201842.0,46824197.0,41145448.0,64355446.0,42685859.0
33246080.0,163471718.0,119113041.0,86201842.0,46824197.0,41145448.0,64355446.0,33246080.0,163471718.0,119113041.0,86201842.0,46824197.0,41145448.0,64355446.0
12124906.0,33246080.0,163471718.0,119113041.0,86201842.0,46824197.0,41145448.0,12124906.0,33246080.0,163471718.0,119113041.0,86201842.0,46824197.0,41145448.0
21187683.0,12124906.0,33246080.0,163471718.0,119113041.0,86201842.0,46824197.0,21187683.0,12124906.0,33246080.0,163471718.0,119113041.0,86201842.0,46824197.0
2968945.0,21187683.0,12124906.0,33246080.0,163471718.0,119113041.0,86201842.0,2968945.0,21187683.0,12124906.0,33246080.0,163471718.0,119113041.0,86201842.0
43436457.0,2968945.0,21187683.0,12124906.0,33246080.0,163471718.0,119113041.0,43436457.0,2968945.0,21187683.0,12124906.0,33246080.0,163471718.0,119113041.0
3797037.0,43436457.0,2968945.0,21187683.0,12124906.0,33246080.0,163471718.0,3797037.0,43436457.0,2968945.0,21187683.0,12124906.0,33246080.0,163471718.0
85873714.0,3797037.0,43436457.0,2968945.0,21187683.0,12124906.0,33246080.0,85873714.0,3797037.0,43436457.0,2968945.0,21187683.0,12124906.0,33246080.0
9114374.0,85873714.0,3797037.0,43436457.0,2968945.0,21187683.0,12124906.0,9114374.0,85873714.0,3797037.0,43436457.0,2968945.0,21187683.0,12124906.0
84472159.0,9114374.0,85873714.0,3797037.0,43436457.0,2968945.0,21187683.0,84472159.0,9114374.0,85873714.0,3797037.0,43436457.0,2968945.0,21187683.0
-30072084.0,84472159.0,9114374.0,85873714.0,3797037.0,43436457.0,2968945.0,-30072084.0,84472159.0,9114374.0,85873714.0,3797037.0,43436457.0,2968945.0
-13519273.0,-30072084.0,84472159.0,9114374.0,85873714.0,3797037.0,43436457.0,-13519273.0,-30072084.0,84472159.0,9114374.0,85873714.0,3797037.0,43436457.0
-35113136.0,-13519273.0,-30072084.0,84472159.0,9114374.0,85873714.0,3797037.0,-35113136.0,-13519273.0,-30072084.0,84472159.0,9114374.0,85873714.0,3797037.0
-61672338.0,-35113136.0,-13519273.0,-30072084.0,84472159.0,9114374.0,85873714.0,-61672338.0,-35113136.0,-13519273.0,-30072084.0,84472159.0,9114374.0,85873714.0
-26706673.0,-61672338.0,-35113136.0,-13519273.0,-30072084.0,84472159.0,9114374.0,-26706673.0,-61672338.0,-35113136.0,-13519273.0,-30072084.0,84472159.0,9114374.0
-145166876.0,-26706673.0,-61672338.0,-35113136.0,-13519273.0,-30072084.0,84472159.0,-145166876.0,-26706673.0,-61672338.0,-35113136.0,-13519273.0,-30072084.0,84472159.0
88865138.0,-145166876.0,-26706673.0,-61672338.0,-35113136.0,-13519273.0,-30072084.0,88865138.0,-145166876.0,-26706673.0,-61672338.0,-35113136.0,-13519273.0,-30072084.0
74200985.0,88865138.0,-145166876.0,-26706673.0,-61672338.0,-35113136.0,-13519273.0,74200985.0,88865138.0,-145166876.0,-26706673.0,-61672338.0,-35113136.0,-13519273.0
-73681255.0,74200985.0,88865138.0,-145166876.0,-26706673.0,-61672338.0,-35113136.0,-73681255.0,74200985.0,88865138.0,-145166876.0,-26706673.0,-61672338.0,-35113136.0
-128431267.0,-73681255.0,74200985.0,88865138.0,-145166876.0,-26706673.0,-61672338.0,-128431267.0,-73681255.0,74200985.0,88865138.0,-145166876.0,-26706673.0,-61672338.0
-37145733.0,-128431267.0,-73681255.0,74200985.0,88865138.0,-145166876.0,-26706673.0,-37145733.0,-128431267.0,-73681255.0,74200985.0,88865138.0,-145166876.0,-26706673.0
-42327162.0,-37145733.0,-128431267.0,-73681255.0,74200985.0,88865138.0,-145166876.0,-42327162.0,-37145733.0,-128431267.0,-73681255.0,74200985.0,88865138.0,-145166876.0
84010320.0,-42327162.0,-37145733.0,-128431267.0,-73681255.0,74200985.0,88865138.0,84010320.0,-42327162.0,-37145733.0,-128431267.0,-73681255.0,74200985.0,88865138.0
26599361.0,84010320.0,-42327162.0,-37145733.0,-128431267.0,-73681255.0,74200985.0,26599361.0,84010320.0,-42327162.0,-37145733.0,-128431267.0,-73681255.0,74200985.0
55179117.0,26599361.0,84010320.0,-42327162.0,-37145733.0,-128431267.0,-73681255.0,55179117.0,26599361.0,84010320.0,-42327162.0,-37145733.0,-128431267.0,-73681255.0
15104033.0,55179117.0,26599361.0,84010320.0,-42327162.0,-37145733.0,-128431267.0,15104033.0,55179117.0,26599361.0,84010320.0,-42327162.0,-37145733.0,-128431267.0
101067258.0,15104033.0,55179117.0,26599361.0,84010320.0,-42327162.0,-37145733.0,101067258.0,15104033.0,55179117.0,26599361.0,84010320.0,-42327162.0,-37145733.0
27549796.0,101067258.0,15104033.0,55179117.0,26599361.0,84010320.0,-42327162.0,27549796.0,101067258.0,15104033.0,55179117.0,26599361.0,84010320.0,-42327162.0
184652746.0,27549796.0,101067258.0,15104033.0,55179117.0,26599361.0,84010320.0,184652746.0,27549796.0,101067258.0,15104033.0,55179117.0,26599361.0,84010320.0
85810138.0,184652746.0,27549796.0,101067258.0,15104033.0,55179117.0,26599361.0,85810138.0,184652746.0,27549796.0,101067258.0,15104033.0,55179117.0,26599361.0
106998396.0,85810138.0,184652746.0,27549796.0,101067258.0,15104033.0,55179117.0,106998396.0,85810138.0,184652746.0,27549796.0,101067258.0,15104033.0,55179117.0
-30822390.0,106998396.0,85810138.0,184652746.0,27549796.0,101067258.0,15104033.0,-30822390.0,106998396.0,85810138.0,184652746.0,27549796.0,101067258.0,15104033.0
65509334.0,-30822390.0,106998396.0,85810138.0,184652746.0,27549796.0,101067258.0,65509334.0,-30822390.0,106998396.0,85810138.0,184652746.0,27549796.0,101067258.0
-53204499.0,65509334.0,-30822390.0,106998396.0,85810138.0,184652746.0,27549796.0,-53204499.0,65509334.0,-30822390.0,106998396.0,85810138.0,184652746.0,27549796.0
112028192.0,-53204499.0,65509334.0,-30822390.0,106998396.0,85810138.0,184652746.0,112028192.0,-53204499.0,65509334.0,-30822390.0,106998396.0,85810138.0,184652746.0
-7282600.0,112028192.0,-53204499.0,65509334.0,-30822390.0,106998396.0,85810138.0,-7282600.0,112028192.0,-53204499.0,65509334.0,-30822390.0,106998396.0,85810138.0
-131962565.0,-7282600.0,112028192.0,-53204499.0,65509334.0,-30822390.0,106998396.0,-131962565.0,-7282600.0,112028192.0,-53204499.0,65509334.0,-30822390.0,106998396.0
54134369.0,-131962565.0,-7282600.0,112028192.0,-53204499.0,65509334.0,-30822390.0,54134369.0,-131962565.0,-7282600.0,112028192.0,-53204499.0,65509334.0,-30822390.0
-63302761.0,54134369.0,-131962565.0,-7282600.0,112028192.0,-53204499.0,65509334.0,-63302761.0,54134369.0,-131962565.0,-7282600.0,112028192.0,-53204499.0,65509334.0
15617484.0,-63302761.0,54134369.0,-131962565.0,-7282600.0,112028192.0,-53204499.0,15617484.0,-63302761.0,54134369.0,-131962565.0,-7282600.0,112028192.0,-53204499.0
-74383442.0,15617484.0,-63302761.0,54134369.0,-131962565.0,-7282600.0,112028192.0,-74383442.0,15617484.0,-63302761.0,54134369.0,-131962565.0,-7282600.0,112028192.0
89508968.0,-74383442.0,15617484.0,-63302761.0,54134369.0,-131962565.0,-7282600.0,89508968.0,-74383442.0,15617484.0,-63302761.0,54134369.0,-131962565.0,-7282600.0
-51369414.0,89508968.0,-74383442.0,15617484.0,-63302761.0,54134369.0,-131962565.0,-51369414.0,89508968.0,-74383442.0,15617484.0,-63302761.0,54134369.0,-131962565.0
-22241384.0,-51369414.0,89508968.0,-74383442.0,15617484.0,-63302761.0,54134369.0,-22241384.0,-51369414.0,89508968.0,-74383442.0,15617484.0,-63302761.0,54134369.0
-23825711.0,-22241384.0,-51369414.0,89508968.0,-74383442.0,15617484.0,-63302761.0,-23825711.0,-22241384.0,-51369414.0,89508968.0,-74383442.0,15617484.0,-63302761.0
-91664782.0,-23825711.0,-22241384.0,-51369414.0,89508968.0,-74383442.0,15617484.0,-91664782.0,-23825711.0,-22241384.0,-51369414.0,89508968.0,-74383442.0,15617484.0
22621449.0,-91664782.0,-23825711.0,-22241384.0,-51369414.0,89508968.0,-74383442.0,22621449.0,-91664782.0,-23825711.0,-22241384.0,-51369414.0,89508968.0,-74383442.0
-148374519.0,22621449.0,-91664782.0,-23825711.0,-22241384.0,-51369414.0,89508968.0,-148374519.0,22621449.0,-91664782.0,-23825711.0,-22241384.0,-51369414.0,89508968.0
-119323984.0,-148374519.0,22621449.0,-91664782.0,-23825711.0,-22241384.0,-51369414.0,-119323984.0,-148374519.0,22621449.0,-91664782.0,-23825711.0,-22241384.0,-51369414.0
-112854800.0,-119323984.0,-148374519.0,22621449.0,-91664782.0,-23825711.0,-22241384.0,-112854800.0,-119323984.0,-148374519.0,22621449.0,-91664782.0,-23825711.0,-22241384.0
-62902194.0,-112854800.0,-119323984.0,-148374519.0,22621449.0,-91664782.0,-23825711.0,-62902194.0,-112854800.0,-119323984.0,-148374519.0,22621449.0,-91664782.0,-23825711.0
-27628046.0,-62902194.0,-112854800.0,-119323984.0,-148374519.0,22621449.0,-91664782.0,-27628046.0,-62902194.0,-112854800.0,-119323984.0,-148374519.0,22621449.0,-91664782.0
-24855302.0,-27628046.0,-62902194.0,-112854800.0,-119323984.0,-148374519.0,22621449.0,-24855302.0,-27628046.0,-62902194.0,-112854800.0,-119323984.0,-148374519.0,22621449.0
32865671.0,-24855302.0,-27628046.0,-62902194.0,-112854800.0,-119323984.0,-148374519.0,32865671.0,-24855302.0,-27628046.0,-62902194.0,-112854800.0,-119323984.0,-148374519.0
19361574.0,32865671.0,-24855302.0,-27628046.0,-62902194.0,-112854800.0,-119323984.0,19361574.0,32865671.0,-24855302.0,-27628046.0,-62902194.0,-112854800.0,-119323984.0
-86760060.0,19361574.0,32865671.0,-24855302.0,-27628046.0,-62902194.0,-112854800.0,-86760060.0,19361574.0,32865671.0,-24855302.0,-27628046.0,-62902194.0,-112854800.0
-51363471.0,-86760060.0,19361574.0,32865671.0,-24855302.0,-27628046.0,-62902194.0,-51363471.0,-86760060.0,19361574.0,32865671.0,-24855302.0,-27628046.0,-62902194.0
6158804.0,-51363471.0,-86760060.0,19361574.0,32865671.0,-24855302.0,-27628046.0,6158804.0,-51363471.0,-86760060.0,19361574.0,32865671.0,-24855302.0,-27628046.0
38585018.0,6158804.0,-51363471.0,-86760060.0,19361574.0,32865671.0,-24855302.0,38585018.0,6158804.0,-51363471.0,-86760060.0,19361574.0,32865671.0,-24855302.0
-51023641.0,38585018.0,6158804.0,-51363471.0,-86760060.0,19361574.0,32865671.0,-51023641.0,38585018.0,6158804.0,-51363471.0,-86760060.0,19361574.0,32865671.0
1068003.0,-51023641.0,38585018.0,6158804.0,-51363471.0,-86760060.0,19361574.0,1068003.0,-51023641.0,38585018.0,6158804.0,-51363471.0,-86760060.0,19361574.0
201275131.0,1068003.0,-51023641.0,38585018.0,6158804.0,-51363471.0,-86760060.0,201275131.0,1068003.0,-51023641.0,38585018.0,6158804.0,-51363471.0,-86760060.0
107499062.0,201275131.0,1068003.0,-51023641.0,38585018.0,6158804.0,-51363471.0,107499062.0,201275131.0,1068003.0,-51023641.0,38585018.0,6158804.0,-51363471.0
33952646.0,107499062.0,201275131.0,1068003.0,-51023641.0,38585018.0,6158804.0,33952646.0,107499062.0,201275131.0,1068003.0,-51023641.0,38585018.0,6158804.0
11023701.0,33952646.0,107499062.0,201275131.0,1068003.0,-51023641.0,38585018.0,11023701.0,33952646.0,107499062.0,201275131.0,1068003.0,-51023641.0,38585018.0
-28104493.0,11023701.0,33952646.0,107499062.0,201275131.0,1068003.0,-51023641.0,-28104493.0,11023701.0,33952646.0,107499062.0,201275131.0,1068003.0,-51023641.0
-141270895.0,-28104493.0,11023701.0,33952646.0,107499062.0,201275131.0,1068003.0,-141270895.0,-28104493.0,11023701.0,33952646.0,107499062.0,201275131.0,1068003.0
-15993003.0,-141270895.0,-28104493.0,11023701.0,33952646.0,107499062.0,201275131.0,-15993003.0,-141270895.0,-28104493.0,11023701.0,33952646.0,107499062.0,201275131.0
-47046008.0,-15993003.0,-141270895.0,-28104493.0,11023701.0,33952646.0,107499062.0,-47046008.0,-15993003.0,-141270895.0,-28104493.0,11023701.0,33952646.0,107499062.0
-6816795.0,-47046008.0,-15993003.0,-141270895.0,-28104493.0,11023701.0,33952646.0,-6816795.0,-47046008.0,-15993003.0,-141270895.0,-28104493.0,11023701.0,33952646.0
-92492882.0,-6816795.0,-47046008.0,-15993003.0,-141270895.0,-28104493.0,11023701.0,-92492882.0,-6816795.0,-47046008.0,-15993003.0,-141270895.0,-28104493.0,11023701.0
-39508541.0,-92492882.0,-6816795.0,-47046008.0,-15993003.0,-141270895.0,-28104493.0,-39508541.0,-92492882.0,-6816795.0,-47046008.0,-15993003.0,-141270895.0,-28104493.0
-106248852.0,-39508541.0,-92492882.0,-6816795.0,-47046008.0,-15993003.0,-141270895.0,-106248852.0,-39508541.0,-92492882.0,-6816795.0,-47046008.0,-15993003.0,-141270895.0
17299254.0,-106248852.0,-39508541.0,-92492882.0,-6816795.0,-47046008.0,-15993003.0,17299254.0,-106248852.0,-39508541.0,-92492882.0,-6816795.0,-47046008.0,-15993003.0
-88626484.0,17299254.0,-106248852.0,-39508541.0,-92492882.0,-6816795.0,-47046008.0,-88626484.0,17299254.0,-106248852.0,-39508541.0,-92492882.0,-6816795.0,-47046008.0
-140334163.0,-88626484.0,17299254.0,-106248852.0,-39508541.0,-92492882.0,-6816795.0,-140334163.0,-88626484.0,17299254.0,-106248852.0,-39508541.0,-92492882.0,-6816795.0
-44301681.0,-140334163.0,-88626484.0,17299254.0,-106248852.0,-39508541.0,-92492882.0,-44301681.0,-140334163.0,-88626484.0,17299254.0,-106248852.0,-39508541.0,-92492882.0
-48023368.0,-44301681.0,-140334163.0,-88626484.0,17299254.0,-106248852.0,-39508541.0,-48023368.0,-44301681.0,-140334163.0,-88626484.0,17299254.0,-106248852.0,-39508541.0
-274574330.0,-48023368.0,-44301681.0,-140334163.0,-88626484.0,17299254.0,-106248852.0,-274574330.0,-48023368.0,-44301681.0,-140334163.0,-88626484.0,17299254.0,-106248852.0
-120821042.0,-274574330.0,-48023368.0,-44301681.0,-140334163.0,-88626484.0,17299254.0,-120821042.0,-274574330.0,-48023368.0,-44301681.0,-140334163.0,-88626484.0,17299254.0
-18184135.0,-120821042.0,-274574330.0,-48023368.0,-44301681.0,-140334163.0,-88626484.0,-18184135.0,-120821042.0,-274574330.0,-48023368.0,-44301681.0,-140334163.0,-88626484.0
-66989006.0,-18184135.0,-120821042.0,-274574330.0,-48023368.0,-44301681.0,-140334163.0,-66989006.0,-18184135.0,-120821042.0,-274574330.0,-48023368.0,-44301681.0,-140334163.0
-94131651.0,-66989006.0,-18184135.0,-120821042.0,-274574330.0,-48023368.0,-44301681.0,-94131651.0,-66989006.0,-18184135.0,-120821042.0,-274574330.0,-48023368.0,-44301681.0
20875837.0,-94131651.0,-66989006.0,-18184135.0,-120821042.0,-274574330.0,-48023368.0,20875837.0,-94131651.0,-66989006.0,-18184135.0,-120821042.0,-274574330.0,-48023368.0
-63005986.0,20875837.0,-94131651.0,-66989006.0,-18184135.0,-120821042.0,-274574330.0,-63005986.0,20875837.0,-94131651.0,-66989006.0,-18184135.0,-120821042.0,-274574330.0
-52598915.0,-63005986.0,20875837.0,-94131651.0,-66989006.0,-18184135.0,-120821042.0,-52598915.0,-63005986.0,20875837.0,-94131651.0,-66989006.0,-18184135.0,-120821042.0
-32001987.0,-52598915.0,-63005986.0,20875837.0,-94131651.0,-66989006.0,-18184135.0,-32001987.0,-52598915.0,-63005986.0,20875837.0,-94131651.0,-66989006.0,-18184135.0
-6154361.0,-32001987.0,-52598915.0,-63005986.0,20875837.0,-94131651.0,-66989006.0,-6154361.0,-32001987.0,-52598915.0,-63005986.0,20875837.0,-94131651.0,-66989006.0
-87363012.0,-6154361.0,-32001987.0,-52598915.0,-63005986.0,20875837.0,-94131651.0,-87363012.0,-6154361.0,-32001987.0,-52598915.0,-63005986.0,20875837.0,-94131651.0
-2360218.0,-87363012.0,-6154361.0,-32001987.0,-52598915.0,-63005986.0,20875837.0,-2360218.0,-87363012.0,-6154361.0,-32001987.0,-52598915.0,-63005986.0,20875837.0
-126130768.0,-2360218.0,-87363012.0,-6154361.0,-32001987.0,-52598915.0,-63005986.0,-126130768.0,-2360218.0,-87363012.0,-6154361.0,-32001987.0,-52598915.0,-63005986.0
-54703063.0,-126130768.0,-2360218.0,-87363012.0,-6154361.0,-32001987.0,-52598915.0,-54703063.0,-126130768.0,-2360218.0,-87363012.0,-6154361.0,-32001987.0,-52598915.0
-45097030.0,-54703063.0,-126130768.0,-2360218.0,-87363012.0,-6154361.0,-32001987.0,-45097030.0,-54703063.0,-126130768.0,-2360218.0,-87363012.0,-6154361.0,-32001987.0
-32887561.0,-45097030.0,-54703063.0,-126130768.0,-2360218.0,-87363012.0,-6154361.0,-32887561.0,-45097030.0,-54703063.0,-126130768.0,-2360218.0,-87363012.0,-6154361.0
-23900816.0,-32887561.0,-45097030.0,-54703063.0,-126130768.0,-2360218.0,-87363012.0,-23900816.0,-32887561.0,-45097030.0,-54703063.0,-126130768.0,-2360218.0,-87363012.0
-75729168.0,-23900816.0,-32887561.0,-45097030.0,-54703063.0,-126130768.0,-2360218.0,-75729168.0,-23900816.0,-32887561.0,-45097030.0,-54703063.0,-126130768.0,-2360218.0
-26084750.0,-75729168.0,-23900816.0,-32887561.0,-45097030.0,-54703063.0,-126130768.0,-26084750.0,-75729168.0,-23900816.0,-32887561.0,-45097030.0,-54703063.0,-126130768.0
-70097135.0,-26084750.0,-75729168.0,-23900816.0,-32887561.0,-45097030.0,-54703063.0,-70097135.0,-26084750.0,-75729168.0,-23900816.0,-32887561.0,-45097030.0,-54703063.0
-1334435.0,-70097135.0,-26084750.0,-75729168.0,-23900816.0,-32887561.0,-45097030.0,-1334435.0,-70097135.0,-26084750.0,-75729168.0,-23900816.0,-32887561.0,-45097030.0
49895922.0,-1334435.0,-70097135.0,-26084750.0,-75729168.0,-23900816.0,-32887561.0,49895922.0,-1334435.0,-70097135.0,-26084750.0,-75729168.0,-23900816.0,-32887561.0
29112806.0,49895922.0,-1334435.0,-70097135.0,-26084750.0,-75729168.0,-23900816.0,29112806.0,49895922.0,-1334435.0,-70097135.0,-26084750.0,-75729168.0,-23900816.0
31125369.0,29112806.0,49895922.0,-1334435.0,-70097135.0,-26084750.0,-75729168.0,31125369.0,29112806.0,49895922.0,-1334435.0,-70097135.0,-26084750.0,-75729168.0
16338117.0,31125369.0,29112806.0,49895922.0,-1334435.0,-70097135.0,-26084750.0,16338117.0,31125369.0,29112806.0,49895922.0,-1334435.0,-70097135.0,-26084750.0
-83764317.0,16338117.0,31125369.0,29112806.0,49895922.0,-1334435.0,-70097135.0,-83764317.0,16338117.0,31125369.0,29112806.0,49895922.0,-1334435.0,-70097135.0
-85211844.0,-83764317.0,16338117.0,31125369.0,29112806.0,49895922.0,-1334435.0,-85211844.0,-83764317.0,16338117.0,31125369.0,29112806.0,49895922.0,-1334435.0
-7184579.0,-85211844.0,-83764317.0,16338117.0,31125369.0,29112806.0,49895922.0,-7184579.0,-85211844.0,-83764317.0,16338117.0,31125369.0,29112806.0,49895922.0
-26958619.0,-7184579.0,-85211844.0,-83764317.0,16338117.0,31125369.0,29112806.0,-26958619.0,-7184579.0,-85211844.0,-83764317.0,16338117.0,31125369.0,29112806.0
-29608114.0,-26958619.0,-7184579.0,-85211844.0,-83764317.0,16338117.0,31125369.0,-29608114.0,-26958619.0,-7184579.0,-85211844.0,-83764317.0,16338117.0,31125369.0
46294422.0,-29608114.0,-26958619.0,-7184579.0,-85211844.0,-83764317.0,16338117.0,46294422.0,-29608114.0,-26958619.0,-7184579.0,-85211844.0,-83764317.0,16338117.0
-119345273.0,46294422.0,-29608114.0,-26958619.0,-7184579.0,-85211844.0,-83764317.0,-119345273.0,46294422.0,-29608114.0,-26958619.0,-7184579.0,-85211844.0,-83764317.0
-140519914.0,-119345273.0,46294422.0,-29608114.0,-26958619.0,-7184579.0,-85211844.0,-140519914.0,-119345273.0,46294422.0,-29608114.0,-26958619.0,-7184579.0,-85211844.0
140183344.0,-140519914.0,-119345273.0,46294422.0,-29608114.0,-26958619.0,-7184579.0,140183344.0,-140519914.0,-119345273.0,46294422.0,-29608114.0,-26958619.0,-7184579.0
-38965135.0,140183344.0,-140519914.0,-119345273.0,46294422.0,-29608114.0,-26958619.0,-38965135.0,140183344.0,-140519914.0,-119345273.0,46294422.0,-29608114.0,-26958619.0
-41571898.0,-38965135.0,140183344.0,-140519914.0,-119345273.0,46294422.0,-29608114.0,-41571898.0,-38965135.0,140183344.0,-140519914.0,-119345273.0,46294422.0,-29608114.0
95648803.0,-41571898.0,-38965135.0,140183344.0,-140519914.0,-119345273.0,46294422.0,95648803.0,-41571898.0,-38965135.0,140183344.0,-140519914.0,-119345273.0,46294422.0
-9970164.0,95648803.0,-41571898.0,-38965135.0,140183344.0,-140519914.0,-119345273.0,-9970164.0,95648803.0,-41571898.0,-38965135.0,140183344.0,-140519914.0,-119345273.0
32912022.0,-9970164.0,95648803.0,-41571898.0,-38965135.0,140183344.0,-140519914.0,32912022.0,-9970164.0,95648803.0,-41571898.0,-38965135.0,140183344.0,-140519914.0
6214029.0,32912022.0,-9970164.0,95648803.0,-41571898.0,-38965135.0,140183344.0,6214029.0,32912022.0,-9970164.0,95648803.0,-41571898.0,-38965135.0,140183344.0
33207702.0,6214029.0,32912022.0,-9970164.0,95648803.0,-41571898.0,-38965135.0,33207702.0,6214029.0,32912022.0,-9970164.0,95648803.0,-41571898.0,-38965135.0
21429885.0,33207702.0,6214029.0,32912022.0,-9970164.0,95648803.0,-41571898.0,21429885.0,33207702.0,6214029.0,32912022.0,-9970164.0,95648803.0,-41571898.0
-27331633.0,21429885.0,33207702.0,6214029.0,32912022.0,-9970164.0,95648803.0,-27331633.0,21429885.0,33207702.0,6214029.0,32912022.0,-9970164.0,95648803.0
23706860.0,-27331633.0,21429885.0,33207702.0,6214029.0,32912022.0,-9970164.0,23706860.0,-27331633.0,21429885.0,33207702.0,6214029.0,32912022.0,-9970164.0
3132275.0,23706860.0,-27331633.0,21429885.0,33207702.0,6214029.0,32912022.0,3132275.0,23706860.0,-27331633.0,21429885.0,33207702.0,6214029.0,32912022.0
-59451436.0,3132275.0,23706860.0,-27331633.0,21429885.0,33207702.0,6214029.0,-59451436.0,3132275.0,23706860.0,-27331633.0,21429885.0,33207702.0,6214029.0
-101200190.0,-59451436.0,3132275.0,23706860.0,-27331633.0,21429885.0,33207702.0,-101200190.0,-59451436.0,3132275.0,23706860.0,-27331633.0,21429885.0,33207702.0
6447491.0,-101200190.0,-59451436.0,3132275.0,23706860.0,-27331633.0,21429885.0,6447491.0,-101200190.0,-59451436.0,3132275.0,23706860.0,-27331633.0,21429885.0
-46595273.0,6447491.0,-101200190.0,-59451436.0,3132275.0,23706860.0,-27331633.0,-46595273.0,6447491.0,-101200190.0,-59451436.0,3132275.0,23706860.0,-27331633.0
-3808061.0,-46595273.0,6447491.0,-101200190.0,-59451436.0,3132275.0,23706860.0,-3808061.0,-46595273.0,6447491.0,-101200190.0,-59451436.0,3132275.0,23706860.0
47873411.0,-3808061.0,-46595273.0,6447491.0,-101200190.0,-59451436.0,3132275.0,47873411.0,-3808061.0,-46595273.0,6447491.0,-101200190.0,-59451436.0,3132275.0
-243962.0,47873411.0,-3808061.0,-46595273.0,6447491.0,-101200190.0,-59451436.0,-243962.0,47873411.0,-3808061.0,-46595273.0,6447491.0,-101200190.0,-59451436.0
-33181324.0,-243962.0,47873411.0,-3808061.0,-46595273.0,6447491.0,-101200190.0,-33181324.0,-243962.0,47873411.0,-3808061.0,-46595273.0,6447491.0,-101200190.0
-105407381.0,-33181324.0,-243962.0,47873411.0,-3808061.0,-46595273.0,6447491.0,-105407381.0,-33181324.0,-243962.0,47873411.0,-3808061.0,-46595273.0,6447491.0
-11651772.0,-105407381.0,-33181324.0,-243962.0,47873411.0,-3808061.0,-46595273.0,-11651772.0,-105407381.0,-33181324.0,-243962.0,47873411.0,-3808061.0,-46595273.0
-35514807.0,-11651772.0,-105407381.0,-33181324.0,-243962.0,47873411.0,-3808061.0,-35514807.0,-11651772.0,-105407381.0,-33181324.0,-243962.0,47873411.0,-3808061.0
48821761.0,-35514807.0,-11651772.0,-105407381.0,-33181324.0,-243962.0,47873411.0,48821761.0,-35514807.0,-11651772.0,-105407381.0,-33181324.0,-243962.0,47873411.0
-50344927.0,48821761.0,-35514807.0,-11651772.0,-105407381.0,-33181324.0,-243962.0,-50344927.0,48821761.0,-35514807.0,-11651772.0,-105407381.0,-33181324.0,-243962.0
-42166694.0,-50344927.0,48821761.0,-35514807.0,-11651772.0,-105407381.0,-33181324.0,-42166694.0,-50344927.0,48821761.0,-35514807.0,-11651772.0,-105407381.0,-33181324.0
-75744386.0,-42166694.0,-50344927.0,48821761.0,-35514807.0,-11651772.0,-105407381.0,-75744386.0,-42166694.0,-50344927.0,48821761.0,-35514807.0,-11651772.0,-105407381.0
18623558.0,-75744386.0,-42166694.0,-50344927.0,48821761.0,-35514807.0,-11651772.0,18623558.0,-75744386.0,-42166694.0,-50344927.0,48821761.0,-35514807.0,-11651772.0
-30179307.0,18623558.0,-75744386.0,-42166694.0,-50344927.0,48821761.0,-35514807.0,-30179307.0,18623558.0,-75744386.0,-42166694.0,-50344927.0,48821761.0,-35514807.0
-118134209.0,-30179307.0,18623558.0,-75744386.0,-42166694.0,-50344927.0,48821761.0,-118134209.0,-30179307.0,18623558.0,-75744386.0,-42166694.0,-50344927.0,48821761.0
-86897226.0,-118134209.0,-30179307.0,18623558.0,-75744386.0,-42166694.0,-50344927.0,-86897226.0,-118134209.0,-30179307.0,18623558.0,-75744386.0,-42166694.0,-50344927.0
-145080338.0,-86897226.0,-118134209.0,-30179307.0,18623558.0,-75744386.0,-42166694.0,-145080338.0,-86897226.0,-118134209.0,-30179307.0,18623558.0,-75744386.0,-42166694.0
-18212531.0,-145080338.0,-86897226.0,-118134209.0,-30179307.0,18623558.0,-75744386.0,-18212531.0,-145080338.0,-86897226.0,-118134209.0,-30179307.0,18623558.0,-75744386.0